,Unnamed: 0.1,Unnamed: 0,Type,Sub_Type,Faction,Name,Prefixes,Suffixes,Food,Wood,Gold,Favor,Cost,Pop,Training Time (s),HP,Hack Damage,Pierce Damage,Divine Damage,Crush Damage,Total Damage,Attack Speed,Multiplier 1,Multiplier 2,Multiplier 3,Hack Armor,Pierce Armor,Crush Armor,Range,Speed,Description,DPS,DPS (Crush),DPS Per Cost,DPS Per Pop,HP Per Cost,HP Per Pop,Hack HP Per Cost,Pierce HP Per Cost
0,0,0,unit,Animal,All,golden lion,,,,,,,0.0,,,70.0,15.0,,,,15.0,2.2,,,,15%,20%,99%,,5.0,,6.82, -   , -   , -   , -   , -   , -   , -   
1,1,1,unit,Animal,All,relic monkey,,,,,,,0.0,,,40.0,5.0,,,,5.0,1.0,,,,35%,20%,99%,,3.3,,5, -   , -   , -   , -   , -   , -   , -   
2,2,2,unit,Cavalry,Egypt,war elephant,,,180.0,,70.0,,250.0,5.0,17,495.0,22.0,,,,22.0,1.4,3X vs. Buildings,,,25%,40%,99%,,2.9,,15.71, -   ,0.063,3.14,1.98,99,2.64,3.3
3,3,3,unit,Infantry,Atlantean,murmillo,,,55.0,,30.0,,85.0,2.0,14,110.0,7.0,,,,7.0,0.8,,,,40%,10%,99%,,4.5,,8.75, -   ,0.103,4.38,1.29,55,2.16,1.44
4,4,4,unit,Myth,Atlantean,argus,,,,,250.0,4.0,250.0,4.0,30,760.0,40.0,,,,40.0,1.5,3x  MU,,"0,5 x Hero",60%,70%,80%,,4.1,,26.67, -   ,0.107,6.67,3.04,190,7.6,10.13
5,5,5,unit,Myth,Atlantean,automaton,,,,,90.0,6.0,90.0,2.0,18,230.0,11.0,,,,11.0,1.0,3x  MU ,"0,5x  Hero","0,5 x Hero",30%,55%,80%,,4.2,,11, -   ,0.122,5.5,2.56,115,3.65,5.68
6,6,6,unit,Myth,Atlantean,behemoth,,,250.0,,,20.0,250.0,4.0,20,650.0,9.0,,,18,9.0,1.5,5x Buildings,2x MU,"0,5 x Hero",30%,75%,80%,2.5,3.0,,6,12,0.024,1.5,2.6,162.5,3.71,10.4
7,7,7,unit,Arrow Ship,Atlantean,bireme,,,,100.0,50.0,,150.0,3.0,12,290.0,,24,,,24.0,1.5,,,,50%,30%,5%,15.0,5.8,,16, -   ,0.107,5.33,1.93,96.67,3.87,2.76
8,8,8,unit,Myth,Atlantean,caladria,,,,100.0,25.0,12.0,125.0,2.0,9,125.0,,,-15.0,,-15.0,1.0,,,"0,5 x Hero",10%,20%,80%,,5.3,,, -   , -   , -   ,1,62.5,1.11,1.25
9,9,9,unit,Myth,Atlantean,carnivora,,,,,,25.0,0.0,,,600.0,20.0,,,,20.0,1.0,"0,5 x Hero","0,25 x Villagers ",,35%,20%,80%,,,,20, -   , -   , -   , -   , -   , -   , -   
10,10,10,unit,Ranged Siege,Atlantean,cheiroballista,,,,115.0,100.0,,215.0,4.0,24,85.0,,12,,,12.0,2.0,4.0x infantry and 3x ships,,,25%,50%,50%,20.0,3.8,,6, -   ,0.028,1.5,0.4,21.25,0.53,0.79
11,11,11,unit,Ranged Siege Hero,Atlantean,cheiroballista (hero),,,,200.0,175.0,4.0,375.0,4.0,32,115.0,,4,,,4.0,2.0,3.5x Infrantry,3x Ships,8x MU,25%,50%,50%,20.0,4.1,,2, -   ,0.005,0.5,0.31,28.75,0.41,0.61
12,12,12,unit,Infantry,Greek,hoplite,,,50.0,,40.0,,90.0,2.0,12,115.0,7.5,,,,7.5,1.0,1.25x cavalry,,,40%,15%,99%,,4.3,,7.5, -   ,0.083,3.75,1.28,57.5,2.13,1.5
13,13,13,unit,Hero,Atlantean,contarius (hero),,,105.0,,70.0,3.0,175.0,3.0,25,155.0,15.0,,,,15.0,1.5,"1,5x Ranged",7x MU,,15%,40%,99%,1.0,6.1,,10, -   ,0.057,3.33,0.89,51.67,1.04,1.48
14,14,14,unit,Siege Infantry,Atlantean,destroyer,,,70.0,,60.0,,130.0,3.0,11,150.0,6.0,,,,6.0,1.2,6x buildings,,,30%,70%,99%,1.5,3.6,,5, -   ,0.038,1.67,1.15,50,1.65,3.85
15,15,15,unit,Siege Infantry Hero,Atlantean,destroyer (hero),,,125.0,,105.0,3.0,230.0,3.0,19,165.0,3.9,,,,3.9,1.2,6x Building,11x MU,,30%,70%,99%,,3.9,,3.25, -   ,0.014,1.08,0.72,55,1.02,2.39
16,16,16,unit,Myth,Atlantean,dryad,,,,150.0,,,150.0,0.0,8,275.0,22.0,,,,22.0,1.5,"0,5 x Hero",,,40%,50%,80%,,4.5,,14.67, -   ,0.098, -   ,1.83, -   ,3.06,3.67
17,17,17,unit,Infantry,Atlantean,katapeltes,,,60.0,,35.0,,95.0,2.0,11,115.0,6.0,,,,6.0,1.2,4x cavalry,,,35%,10%,99%,,4.5,,5, -   ,0.053,2.5,1.21,57.5,1.86,1.35
18,18,18,unit,Hero,Atlantean,fanatic (hero),,,130.0,,95.0,3.0,225.0,3.0,19,155.0,9.0,,,,9.0,1.0,2x Infrantry,2x Cavalry,8x MU,40%,15%,99%,,4.6,,9, -   ,0.04,3,0.69,51.67,1.15,0.81
19,19,19,unit,Close Combat Ship,Atlantean,fire ship,,,,100.0,50.0,,150.0,3.0,17,320.0,20.0,,,,20.0,1.5,,,,30%,10%,50%,5.0,7.3,,13.33, -   ,0.089,4.44,2.13,106.67,3.05,2.37
20,20,20,unit,Siege,Atlantean,fire siphon,,,,275.0,180.0,,455.0,5.0,19,350.0,,20,,100,20.0,1.7,,,,5%,90%,50%,16.0,2.9,,11.76,58.82,0.026,2.35,0.77,70,0.81,7.69
21,21,21,unit,Cavalry,Norse,jarl,,,50.0,,80.0,,130.0,3.0,24,180.0,10.0,,,,10.0,1.0,,,,25%,35%,99%,,4.8, Elite heavy cavalry. Good against human soldiers.   ,10, -   ,0.077,3.33,1.38,60,1.85,2.13
22,22,22,unit,Hero,Atlantean,katapeltes (hero),,,105.0,,60.0,2.0,165.0,2.0,19,130.0,7.0,,,,7.0,1.2,4x Cavalry,9x MU,,35%,10%,99%,,4.8,,5.83, -   ,0.035,2.92,0.79,65,1.21,0.88
23,23,23,unit,Myth,Atlantean,lampades,,,,,250.0,25.0,250.0,4.0,20,350.0,,24,,20,24.0,2.0,2x  MU," 0,25x Hero","0,5 x Hero",40%,50%,80%,12.0,4.3,,12,10,0.048,3,1.4,87.5,2.33,2.8
24,24,24,unit,Myth,Atlantean,man o war,,,250.0,,,15.0,250.0,4.0,10,900.0,,,25.0,,25.0,3.0,3x MU,"0,25x Hero","0,25 x Hero",50%,70%,80%,12.0,6.0,,8.33, -   ,0.033,2.08,3.6,225,7.2,12
25,25,25,unit,Infantry,Atlantean,fanatic,,,75.0,,55.0,,130.0,3.0,11,140.0,8.0,,,,8.0,1.0,2x infantry 2x cavalry,,,40%,15%,99%,,4.3,,8, -   ,0.062,2.67,1.08,46.67,1.79,1.27
26,26,26,unit,Infantry Hero,Atlantean,murmillo (hero),,,95.0,,55.0,2.0,150.0,2.0,22,125.0,8.0,10,,,18.0,0.8,"5,5x MU",,,40%,10%,99%,,4.8,,22.5, -   ,0.15,11.25,0.83,62.5,1.39,0.93
27,27,27,unit,Myth,Atlantean,nerid,,,,,200.0,15.0,200.0,2.0,12,400.0,25.0,,,,25.0,1.0,2x  MU,"0,5x Hero","0,5 x Hero",30%,50%,80%,,5.0,,25, -   ,0.125,12.5,2,200,2.86,4
28,28,28,unit,Infantry,Egypt,spearman,,,50.0,,20.0,,70.0,2.0,12,75.0,6.0,,,,6.0,1.0,1.75x cavalry,,,40%,15%,99%,,5.0,,6, -   ,0.086,3,1.07,37.5,1.79,1.26
29,29,29,unit,Hero,Atlantean,oracle (hero),,,80.0,,120.0,1.0,200.0,1.0,19,105.0,9.0,,,,9.0,1.5,6x MU,,,20%,50%,99%,,4.2,,6, -   ,0.03,6,0.53,105,0.66,1.05
30,30,30,unit,Myth,Atlantean,promethean,,,90.0,,,8.0,90.0,2.0,18,175.0,12.0,,,,12.0,1.1,3x MU,"0,5x Hero","0,5 x Hero",60%,25%,80%,,4.3,,10.91, -   ,0.121,5.45,1.94,87.5,4.86,2.59
31,31,31,unit,Myth,Atlantean,promethean (off spring),,,45.0,,,4.0,45.0,1.0,,80.0,6.0,,,,6.0,1.1,"1,5xMU","0,5x Hero","0,5 x Hero",25%,35%,80%,,5.5,,5.45, -   ,0.121,5.45,1.78,80,2.37,2.74
32,32,32,unit,Myth,Atlantean,satyr,,,,250.0,,20.0,250.0,3.0,15,400.0,,20,,,20.0,1.0,3xMU,"0,25 x Hero","0,25 x Villagers ",50%,50%,80%,18.0,3.8,,20, -   ,0.08,6.67,1.6,133.33,3.2,3.2
33,33,33,unit,Arrow Ship,Atlantean,siege bireme,,,,100.0,50.0,,150.0,3.0,17,250.0,,8,,4*4,8.0,2.0,2x Archer Ships,,,10%,60%,10%,20.0,5.1,,4, -   ,0.027,1.33,1.67,83.33,1.85,4.17
34,34,34,unit,Myth,Atlantean,stymphalian bird,,,,200.0,20.0,25.0,220.0,3.0,10,400.0,,42,,,42.0,1.8,3x MU,"0,25x Hero",,15%,45%,80%,15.0,3.8,,23.33, -   ,0.106,7.78,1.82,133.33,2.14,3.31
35,35,35,unit,Myth,Atlantean,tartarian spawn,,,,,,,0.0,,,350.0,15.0,,,20,15.0,1.0,2x MU,"0,25x Hero",,40%,40%,80%,,3.8,,15,20, -   , -   , -   , -   , -   , -   
36,36,36,unit,Infantry,Norse,hirdman,,,35.0,,45.0,,80.0,2.0,14,90.0,4.0,,,,4.0,1.0,4x cavalry,,,35%,5%,99%,,4.8, Counter cavalry. Infantry only good against cavalry.   ,4, -   ,0.05,2,1.13,45,1.73,1.18
37,37,37,unit,Hero,Atlantean,turma (hero),,,,80.0,70.0,2.0,150.0,2.0,10+8,90.0,,7,,,7.0,1.8,4x Ranged,8x MU,,15%,40%,99%,12.0,5.8,,3.89, -   ,0.026,1.94,0.6,45,0.71,1
38,38,38,unit,Myth Unit,Atlantean,water carnivora,,,,,,,0.0,,,550.0,30.0,,,,30.0,1.0,"0,25 x Hero","0,25 x Villagers ",,35%,30%,30%,,,,30, -   , -   , -   , -   , -   , -   , -   
39,39,39,unit,Myth Unit,Atlantean,centimanus,,,,,300.0,25.0,300.0,3.0,24,850.0,55.0,,,60,55.0,1.5,"0,25x Hero",,,60%,60%,80%,,3.3,,36.67,40,0.122,12.22,2.83,283.33,7.08,7.08
40,40,40,unit,Myth,Egypt,anubite,,,100.0,,,2.0,100.0,2.0,9,200.0,11.0,,,,11.0,0.8,3x MU,"0,5x Hero",,60%,55%,80%,,5.0,,13.75, -   ,0.138,6.88,2,100,5,4.44
41,41,41,unit,Animal,Egypt,aurochs of set,,,,,,,0.0,2.0,,100.0,6.0,,,,6.0,1.0,"0,5 x Building",,,20%,30%,99%,,4.5,,6, -   , -   ,3, -   ,50, -   , -   
42,42,42,unit,Myth,Egypt,avenger,,,250.0,,,25.0,250.0,3.0,24,600.0,28.0,,,,28.0,1.0,"x3 MU 0,5x Hero",,,60%,40%,80%,,5.5,,28, -   ,0.112,9.33,2.4,200,6,4
43,43,43,unit,Infantry,Greek,hypapist,,,60.0,,25.0,,85.0,2.0,10,95.0,6.0,,,,6.0,1.2,5x infantry,,,35%,10%,99%,,4.3,,5, -   ,0.059,2.5,1.12,47.5,1.72,1.24
44,44,44,unit,Animal,Egypt,baboon of set,,,,,,3.0,0.0,1.0,3,20.0,3.0,,,,3.0,1.0,"0,5x Buildings",,,35%,5%,99%,,3.3,,3, -   , -   ,3, -   ,20, -   , -   
45,45,45,unit,Animal,Egypt,bear of set,,,,,,,0.0,1.0,,70.0,5.0,,,,5.0,1.3,"0,5x Buildings",,,10%,30%,99%,,4.3,,3.85, -   , -   ,3.85, -   ,70, -   , -   
46,46,46,unit,Animal,Egypt,boar of set,,,,,,,0.0,2.0,,70.0,6.0,,,,6.0,1.0,"0,5x Buildings",,,20%,30%,99%,,5.0,,6, -   , -   ,3, -   ,35, -   , -   
47,47,47,unit,Cavalry,Egypt,mercenary cavalry,,,,,120.0,,120.0,,3,160.0,7.0,,,,7.0,1.0,"1,25x Ranged",,,20%,35%,99%,,5.3,,7, -   ,0.058, -   ,1.33, -   ,1.67,2.05
48,48,48,unit,Animal,Egypt,caribou of set,,,,,,,0.0,2.0,,15.0,4.0,,,,4.0,1.1,"0,5x Buildings",,,35%,0%,99%,,4.0,,3.64, -   , -   ,1.82, -   ,7.5, -   , -   
49,49,49,unit,Siege,Egypt,catapult,,,,200.0,200.0,,400.0,5.0,27,115.0,,40,,200,40.0,4.0,"2,5 x Ship",,,30%,90%,50%,,2.4,,10,50,0.025,2,0.29,23,0.41,2.88
50,50,50,unit,Infantry,Greek,myrmidon,,,70.0,,50.0,,120.0,3.0,14,130.0,,,9.0,,9.0,1.4,DIVINE DAMAGE,,,40%,20%,99%,,4.3,,6.43, -   ,0.054,2.14,1.08,43.33,1.81,1.35
51,51,51,unit,Animal,Egypt,chicken of set,,,,,,,0.0,1.0,,4.0,,,,,0.0,1.0,"0,5x Buildings",,,10%,0%,99%,,1.8,, -   , -   , -   , -   , -   ,4, -   , -   
52,52,52,unit,Animal,Egypt,crocodile of set,,,,,,8.0,0.0,1.0,4,70.0,5.0,,,,5.0,1.3,"0,5x Buildings",,,10%,30%,99%,,3.3,,3.85, -   , -   ,3.85, -   ,70, -   , -   
53,53,53,unit,Animal,Egypt,crowned crane of set,,,,,,,0.0,1.0,,10.0,4.0,,,,4.0,1.6,"0,5x Buildings",,,35%,20%,99%,,4.0,,2.5, -   , -   ,2.5, -   ,10, -   , -   
54,54,54,unit,Animal,Egypt,deer of set,,,,,,,0.0,1.0,,15.0,3.0,,,,3.0,1.1,"0,5x Buildings",,,35%,0%,99%,,4.0,,2.73, -   , -   ,2.73, -   ,15, -   , -   
55,55,55,unit,Animal,Egypt,elephant of set,,,,,,18.0,0.0,2.0,8,270.0,9.0,,,,9.0,1.4,"0,5x Buildings",,,20%,40%,99%,,3.3,,6.43, -   , -   ,3.21, -   ,135, -   , -   
56,56,56,unit,Animal,Egypt,elk of set,,,,,,,0.0,1.0,,15.0,4.0,,,,4.0,1.1,"0,5x Buildings",,,35%,0%,99%,,4.0,,3.64, -   , -   ,3.64, -   ,15, -   , -   
57,57,57,unit,Animal,Egypt,gazelle of set,,,,,,4.0,0.0,1.0,3,15.0,4.0,,,,4.0,1.1,"0,5x Buildings",,,35%,0%,99%,,4.0,,3.64, -   , -   ,3.64, -   ,15, -   , -   
58,58,58,unit,Animal,Egypt,giraffe of set,,,,,,7.0,0.0,1.0,4,25.0,5.0,,,,5.0,1.4,"0,5x Buildings",,,35%,5%,99%,,4.0,,3.57, -   , -   ,3.57, -   ,25, -   , -   
59,59,59,unit,Hero,Egypt,hippopotamus of set,,,,,,10.0,0.0,1.0,6,100.0,6.0,,,,6.0,1.0,"0,5x Buildings",,,10%,20%,99%,,4.0,,6, -   , -   ,6, -   ,100, -   , -   
60,60,60,unit,Hero,Egypt,hyena of set,,,,,,5.0,0.0,1.0,4,45.0,7.0,,,,7.0,1.8,"0,5x Buildings",,,20%,30%,99%,,4.0,,3.89, -   , -   ,3.89, -   ,45, -   , -   
61,61,61,unit,Arrow Ship,Egypt,kebenit,,,,90.0,45.0,,135.0,3.0,17,290.0,,24,,,24.0,1.5,,,,50%,30%,99%,15.0,5.5,,16, -   ,0.119,5.33,2.15,96.67,4.3,3.07
62,62,62,unit,Myth,Egypt,leviathan,,,,,200.0,15.0,200.0,3.0,10,1020.0,38.0,,,,38.0,1.5,2x MU,"0,5x Hero",,40%,60%,80%,,4.2,,25.33, -   ,0.127,8.44,5.1,340,8.5,12.75
63,63,63,unit,Hero,Egypt,lion of set,,,,,,,0.0,1.0,,45.0,9.0,,,,9.0,2.2,"0,5x Buildings",,,20%,30%,99%,,5.0,,4.09, -   , -   ,4.09, -   ,45, -   , -   
64,64,64,unit,Myth,Egypt,lost ship (ancestors),,,,,,,0.0,,,200.0,,24,,,24.0,1.5,,,,25%,15%,5%,12.0,6.0,,16, -   , -   , -   , -   , -   , -   , -   
65,65,65,unit,Infantry,Egypt,axemen,,,40.0,,30.0,,70.0,2.0,12,70.0,5.0,,,,5.0,1.0,5x infantry,,,40%,5%,99%,,4.3,,5, -   ,0.071,2.5,1,35,1.67,1.05
66,66,66,unit,Cavalry,Atlantean,contarius,,,60.0,,40.0,,100.0,3.0,17,140.0,13.5,,,,13.5,1.5,1.5X Archers,,,15%,40%,99%,1.0,5.8,,9, -   ,0.09,3,1.4,46.67,1.65,2.33
67,67,67,unit,Myth,Egypt,minion (ancestors),,,,,50.0,10.0,50.0,,,140.0,8.0,,,,8.0,0.9,,,,35%,40%,80%,,5.0,,8.89, -   ,0.178, -   ,2.8, -   ,4.31,4.67
68,68,68,unit,Animal,Egypt,monkey of set,,,,,,,0.0,1.0,,29.0,3.0,,,,3.0,1.0,"0,5x Buildings",,,35%,5%,99%,,3.3,,3, -   , -   ,3, -   ,29, -   , -   
69,69,69,unit,Myth,Egypt,mummy,,,,275.0,,25.0,275.0,4.0,17,450.0,,30,,,30.0,1.7,3x MU,"0,25 x Hero",,35%,50%,80%,12.0,4.0,,17.65, -   ,0.064,4.41,1.64,112.5,2.52,3.27
70,70,70,unit,Myth,Egypt,petsuchos,,,,,200.0,15.0,200.0,3.0,20,480.0,,10,2.0,,12.0,2.0,2x MU,"0,5x Hero",,40%,45%,80%,20.0,3.6,,6, -   ,0.03,2,2.4,160,4,4.36
71,71,71,unit,Hero,Egypt,pharoah (hero),,,,,,,0.0,,,100.0,,12,,,12.0,1.0,"2,5x MU",,,15%,30%,99%,12.0,4.0,,12, -   , -   , -   , -   , -   , -   , -   
72,72,72,unit,Hero,Egypt,pharoah (new hero),,,,,,,0.0,,,100.0,,12,,,12.0,1.0,"2,5x MU",,,15%,30%,99%,12.0,4.0,,12, -   , -   , -   , -   , -   , -   , -   
73,73,73,unit,Myth,Egypt,phoenix,,,,,200.0,25.0,200.0,4.0,6,500.0,40.0,,,50,40.0,2.7,2x MU,"0,25x Hero",,15%,55%,80%,4.0,4.5,,14.81,18.52,0.074,3.7,2.5,125,2.94,5.56
74,74,74,unit,Animal,Egypt,polar bear of set,,,,,,,0.0,1.0,,70.0,5.0,,,,5.0,1.3,"0,5x Buildings",,,20%,30%,99%,,4.3,,3.85, -   , -   ,3.85, -   ,70, -   , -   
75,75,75,unit,Hero,Egypt,priest (hero),,,,,100.0,,100.0,2.0,10,80.0,,2,,,2.0,0.8,5x MU,,,10%,1%,99%,10.0,3.6,,2.5, -   ,0.025,1.25,0.8,40,0.89,0.81
76,76,76,unit,Hero,Egypt,rhinoceros of set,,,,,,12.0,0.0,2.0,6,135.0,8.0,,,,8.0,1.1,"0,5x Buildings",,,30%,40%,99%,,4.0,,7.27, -   , -   ,3.64, -   ,67.5, -   , -   
77,77,77,unit,Myth,Egypt,roc,,,,,150.0,5.0,150.0,,14,,,,,,0.0,,,,,0%,25%,80%,,5.0,, -   , -   , -   , -   , -   , -   , -   , -   
78,78,78,unit,Myth,Egypt,scarab,,,300.0,,,18.0,300.0,4.0,20,900.0,15.0,,,75,15.0,1.5,2x MU,"0,5x Hero",,5%,75%,80%,,3.2,,10,50,0.033,2.5,3,225,3.16,12
79,79,79,unit,Myth,Egypt,scorpion man,,,,200.0,,24.0,200.0,3.0,20,500.0,30.0,,,,30.0,1.3,3x MU,"0,5x Hero",,50%,40%,80%,,5.0,,23.08, -   ,0.115,7.69,2.5,166.67,5,4.17
80,80,80,unit,Myth,Egypt,sea snake,,,,,,,0.0,,,65.0,9.0,,,,9.0,1.3,,,,5%,20%,50%,,5.3,,6.92, -   , -   , -   , -   , -   , -   , -   
81,81,81,unit,Myth,Egypt,serpent,,,,,,,0.0,,,50.0,5.0,,,,5.0,1.2,"0,1x Villagers",,,15%,10%,99%,,4.0,,4.17, -   , -   , -   , -   , -   , -   , -   
82,82,82,unit,Siege,Egypt,siege tower,,,,200.0,100.0,,300.0,3.0,15,300.0,,,,200,0.0,4.0,,,,5%,90%,60%,3.0,2.9,, -   ,50, -   , -   ,1,100,1.05,10
83,83,83,unit,Infantry,Norse,berserk,,,50.0,,30.0,,80.0,2.0,9,85.0,6.5,,,,6.5,0.7,,,,35%,10%,99%,,4.8,,9.29, -   ,0.116,4.64,1.06,42.5,1.63,1.18
84,84,84,unit,Hero,Egypt,son of osiris (hero),,,,,,,0.0,,,420.0,,,40.0,,40.0,3.0,4x MU,,,30%,50%,99%,18.0,3.6,,13.33, -   , -   , -   , -   , -   , -   , -   
85,85,85,unit,Cavalry,Greek,prodromos,,,70.0,,40.0,,110.0,3.0,12,135.0,8.0,,,,8.0,1.3,3.5X Cavalry,,,20%,10%,99%,,6.0,,6.15, -   ,0.056,2.05,1.23,45,1.53,1.36
86,86,86,unit,Myth,Egypt,sphinx,,,,,120.0,18.0,120.0,3.0,17,300.0,15.0,,,7,15.0,1.3,3x MU,"0,5x Hero",,45%,60%,80%,,5.3,,11.54,5.38,0.096,3.85,2.5,100,4.55,6.25
87,87,87,unit,Myth,Egypt,wadjet,,,,150.0,,15.0,150.0,2.0,17,260.0,,6,,,6.0,1.5,,,,25%,25%,80%,18.0,3.8,,4, -   ,0.027,2,1.73,130,2.31,2.31
88,88,88,unit,Animal,Egypt,walrus of set,,,,,,,0.0,2.0,,100.0,5.0,,,,5.0,0.8,"0,5x Buildings",,,10%,20%,99%,,3.3,,6.25, -   , -   ,3.13, -   ,50, -   , -   
89,89,89,unit,Siege Ship,Egypt,war barge,,,,90.0,45.0,,135.0,3.0,13,250.0,,2*4,,4,0.0,2.0,,,,10%,60%,10%,20.0,4.8,, -   ,2, -   , -   ,1.85,83.33,2.06,4.63
90,90,90,unit,Cavalry,Norse,raiding cavalry,,,40.0,,50.0,,90.0,2.0,18,105.0,7.5,,,,7.5,1.0,1.5X Archers,,,20%,35%,99%,,6.0,,7.5, -   ,0.083,3.75,1.17,52.5,1.46,1.79
91,91,91,unit,Myth,Egypt,war turtle,,,300.0,,,15.0,300.0,4.0,9,960.0,42.0,,,34,42.0,1.7,2x MU,"0,5x Hero",,40%,70%,80%,,5.3,,24.71,20,0.082,6.18,3.2,240,5.33,10.67
92,92,92,unit,Hero,Egypt,water buffalo of set,,,,,,,0.0,2.0,,100.0,7.0,,,,7.0,1.0,"0,5x Buildings",,,20%,10%,99%,,4.0,,7, -   , -   ,3.5, -   ,50, -   , -   
93,93,93,unit,Animal,Egypt,wolf of set,,,,,,,0.0,1.0,,35.0,5.0,,,,5.0,1.7,"0,5x Buildings",,,20%,30%,99%,,5.0,,2.94, -   , -   ,2.94, -   ,35, -   , -   
94,94,94,unit,Hero,Egypt,zebra of set,,,,,,,0.0,1.0,,15.0,5.0,,,,5.0,1.4,"0,5x Buildings",,,35%,0%,99%,,4.0,,3.57, -   , -   ,3.57, -   ,15, -   , -   
95,95,95,unit,Hero,Greek,achilles,,,75.0,,175.0,2.0,250.0,3.0,20,300.0,9.0,,,,9.0,1.0,"6,5x MU",,,30%,45%,99%,,5.5,,9, -   ,0.036,3,1.2,100,1.71,2.18
96,96,96,unit,Hero,Greek,ajax,,,100.0,50.0,,,150.0,2.0,5,257.0,7.7,,,,7.7,1.0,12x MU,,,40%,35%,99%,,4.3,,7.7, -   ,0.051,3.85,1.71,128.5,2.86,2.64
97,97,97,unit,Hero,Greek,atlanta,,,75.0,,175.0,2.0,250.0,3.0,20,303.0,13.4,,,,13.4,1.4,"6,5x MU",,,35%,30%,99%,,5.8,,9.57, -   ,0.038,3.19,1.21,101,1.86,1.73
98,98,98,unit,Hero,Greek,bellerophon ,,,,,400.0,6.0,400.0,4.0,30,550.0,16.5,,7.7,,24.2,1.2,"4,5x MU",,,20%,55%,99%,,6.0,,20.17, -   ,0.05,5.04,1.38,137.5,1.72,3.06
99,99,99,unit,Myth,Greek,carcinos,,,,200.0,,15.0,200.0,3.0,9,720.0,24.0,,,15,24.0,1.2,2x MU,"0,5 x Hero",,70%,60%,80%,,4.3,,20,12.5,0.1,6.67,3.6,240,12,9
100,100,100,unit,Myth,Greek,centaur,,,,180.0,,12.0,180.0,3.0,22,250.0,,18,,,18.0,1.5,2x MU,"0,25x Hero",,15%,20%,80%,12.0,5.5,,12, -   ,0.067,4,1.39,83.33,1.63,1.74
101,101,101,unit,Myth,Greek,chimera,,,350.0,,,30.0,350.0,4.0,20,700.0,20.0,,,,20.0,1.0,3x MU,"0,5x Hero",,60%,60%,80%,1.0,5.3,,20, -   ,0.057,5,2,175,5,5
102,102,102,unit,Hero,Greek,chiron,,,,250.0,100.0,4.0,350.0,2.0,25,385.0,,12.1,,,12.1,1.5,"6,5x MU",,,20%,30%,99%,18.0,5.5,,8.07, -   ,0.023,4.03,1.1,192.5,1.38,1.57
103,103,103,unit,Myth,Greek,collosus,,,,,350.0,35.0,350.0,4.0,24,1200.0,26.0,,,65,26.0,1.3,"0,5x Hero",,,50%,75%,80%,,3.0,,20,50,0.057,5,3.43,300,6.86,13.71
104,104,104,unit,Myth,Greek,cyclops,,,150.0,,,18.0,150.0,3.0,20,600.0,16.0,,,20,16.0,1.4,2x MU,"0,5x Hero",,40%,55%,80%,,3.5,,11.43,14.29,0.076,3.81,4,200,6.67,8.89
105,105,105,unit,Infantry,Egypt,mercenary,,,,,90.0,,90.0,,2,85.0,7.0,,,,7.0,1.0,"1,25x Cavalry",,,35%,15%,99%,,4.3,,7, -   ,0.078, -   ,0.94, -   ,1.45,1.11
106,106,106,unit,Siege,Greek,helepolis,,,,300.0,200.0,,500.0,5.0,24,600.0,,30,,34,30.0,2.0,,,,5%,90%,50%,10.0,2.9,,15,17,0.03,3,1.2,120,1.26,12
107,107,107,unit,Hero,Greek,heracles,,,75.0,,175.0,2.0,250.0,3.0,20,358.0,13.2,,,,13.2,1.2,"6,5x MU",,,25%,30%,99%,,4.8,,11, -   ,0.044,3.67,1.43,119.33,1.91,2.05
108,108,108,unit,Cavalry,Greek,hippeus,,,40.0,,80.0,,120.0,3.0,16,150.0,10.0,,,,10.0,1.0,1.5X Archers,,,10%,40%,99%,,5.5,,10, -   ,0.083,3.33,1.25,50,1.39,2.08
109,109,109,unit,Cavalry,Egypt,camel rider,,,50.0,,70.0,,120.0,3.0,8,149.0,8.8,,,,8.8,1.0,2X vs. cav,,,15%,35%,99%,,6.0,,8.8, -   ,0.073,2.93,1.24,49.67,1.46,1.91
110,110,110,unit,Myth Unit,Greek,hippocampus,,,,,,,0.0,,,,,,,,0.0,,,,,10%,70%,80%,,6.6,, -   , -   , -   , -   , -   , -   , -   , -   
111,111,111,unit,Hero,Greek,hippolyta (hero),,,,250.0,100.0,4.0,350.0,2.0,20,358.0,,14.3,,,14.3,1.7,"6,5x MU",,,25%,35%,99%,20.0,4.3,,8.41, -   ,0.024,4.21,1.02,179,1.36,1.57
112,112,112,unit,Cavalry,Greek,hetairos,,,50.0,,90.0,,140.0,3.0,20,160.0,10.0,,,,10.0,1.0,Does Splash Damage (2.5),,,5%,40%,99%,,5.0,,10, -   ,0.071,3.33,1.14,53.33,1.2,1.9
113,113,113,unit,Myth,Greek,hydra,,,250.0,,,28.0,250.0,4.0,20,800.0,30.0,,,15,30.0,1.5,2x MU,"0,5x Hero",,60%,50%,80%,2.0,4.0,,20,10,0.08,5,3.2,200,8,6.4
114,114,114,unit,Infantry,Norse,huskarl,,,,75.0,40.0,,115.0,2.0,10,115.0,7.0,,,,7.0,1.0,2x archers,,,10%,60%,99%,,5.0,• Counter to ranged soldiers. Infantry only good against ranged soldiers.   ,7, -   ,0.061,3.5,1,57.5,1.11,2.5
115,115,115,unit,Hero,Greek,jason,,,100.0,50.0,,,150.0,2.0,5,220.0,9.9,,,,9.9,1.5,12x MU,,,35%,35%,99%,,4.3,,6.6, -   ,0.044,3.3,1.47,110,2.26,2.26
116,116,116,unit,Siege Ship,Greek,juggernaut,,,,100.0,50.0,,150.0,3.0,17,275.0,,8,,4,8.0,2.0,2x arrow ships,,,10%,60%,10%,20.0,4.8,,4,2,0.027,1.33,1.83,91.67,2.04,4.58
117,117,117,unit,Ranged Cavalry,Atlantean,turma,,,,45.0,40.0,,85.0,2.0,10,80.0,,5.5,,,5.5,1.8,4x ranged,,,15%,40%,99%,12.0,5.5,,3.06, -   ,0.036,1.53,0.94,40,1.11,1.57
118,118,118,unit,Myth,Greek,manticore,,,,300.0,,25.0,300.0,4.0,17,420.0,,33,,,33.0,1.0,2x MU,"0,25x Hero",,30%,60%,80%,16.0,5.0,,33, -   ,0.11,8.25,1.4,105,2,3.5
119,119,119,unit,Myth,Greek,medusa,,,,250.0,,24.0,250.0,4.0,20,500.0,,35,,5,35.0,1.7,2x MU,"0,25x Hero",,60%,70%,80%,16.0,4.3,,20.59,2.94,0.082,5.15,2,125,5,6.67
120,120,120,unit,Cavalry,Greek,kataskopos,,,75.0,,,,75.0,1.0,,70.0,1.0,,,,1.0,1.1,,,,10%,70%,99%,,5.9,,0.91, -   ,0.012,0.91,0.93,70,1.04,3.11
121,121,121,unit,Myth,Greek,minotaur,,,,,180.0,15.0,180.0,3.0,20,320.0,17.0,,,,17.0,1.1,2x MU,"0,5x Hero",,60%,50%,80%,,4.5,,15.45, -   ,0.086,5.15,1.78,106.67,4.44,3.56
122,122,122,unit,Ranged,Greek,peltast,,,,70.0,20.0,,90.0,2.0,10,70.0,,5,,,5.0,1.5,4X ranged,,,15%,40%,99%,18.0,4.0,,3.33, -   ,0.037,1.67,0.78,35,0.92,1.3
123,123,123,unit,Myth,Greek,nemean lion,,,,,250.0,22.0,250.0,3.0,20,660.0,22.0,,,11,22.0,1.1,2x MU,"0,5x Hero",,30%,60%,80%,,4.8,,20,10,0.08,6.67,2.64,220,3.77,6.6
124,124,124,unit,Hero,Greek,odysseus,,,,250.0,100.0,4.0,350.0,2.0,25,385.0,,11,,,11.0,1.2,"6,5x MU",,,25%,35%,99%,18.0,4.3,,9.17, -   ,0.026,4.58,1.1,192.5,1.47,1.69
125,125,125,unit,Myth,Greek,pegasus,,,50.0,,,2.0,50.0,,6,,,,,,0.0,,,,,50%,50%,80%,18.0,5.4,, -   , -   , -   , -   , -   , -   , -   , -   
126,126,126,unit,Ranged,Egypt,slinger,,,,60.0,25.0,,85.0,2.0,14,65.0,,3,,,3.0,1.0,3x ranged,,,15%,35%,99%,17.0,4.0,,3, -   ,0.035,1.5,0.76,32.5,0.9,1.18
127,127,127,unit,Hero,Greek,perseus,,,,,400.0,6.0,400.0,4.0,30,440.0,19.8,,9.9,,29.7,1.5,7x,,,20%,40%,99%,28.0,4.3,,19.8, -   ,0.05,4.95,1.1,110,1.38,1.83
128,128,128,unit,Siege,Greek,petrobolos,,,,150.0,200.0,,350.0,3.0,19,110.0,,30,,44,30.0,4.0,"2,5x Ships",,,30%,90%,50%,,2.4,,7.5,11,0.021,2.5,0.31,36.67,0.45,3.14
129,129,129,unit,Hero,Greek,polyphemus (hero),,,,,400.0,6.0,400.0,4.0,30,700.0,25.0,,,15,25.0,1.5,4x MU,,,40%,40%,99%,2.0,4.1,,16.67,10,0.042,4.17,1.75,175,2.92,2.92
130,130,130,unit,Ranged,Greek,toxotes,,,,55.0,35.0,,90.0,2.0,15,65.0,,6,,,6.0,1.1,1.25X Infantry,,,15%,15%,99%,15.0,4.0,,5.45, -   ,0.061,2.73,0.72,32.5,0.85,0.85
131,131,131,unit,Close Combat Ship,Greek,ramming galley,,,,90.0,45.0,,135.0,3.0,17,320.0,25.0,,,,25.0,1.5,,,,30%,10%,50%,2.0,7.0,,16.67, -   ,0.123,5.56,2.37,106.67,3.39,2.63
132,132,132,unit,Myth,Greek,scylla,,,,,200.0,20.0,200.0,4.0,15,800.0,30.0,,,15,30.0,1.5,"1,5x MU","0,5x Hero",,40%,70%,80%,,5.3,,20,10,0.1,5,4,200,6.67,13.33
133,133,133,unit,Myth,Greek,shade of hades,,,,,,,0.0,,,100.0,12.0,,,,12.0,2.0,,,,20%,20%,80%,,4.5,,6, -   , -   , -   , -   , -   , -   , -   
134,134,134,unit,Hero,Greek,the argo (hero),,,,200.0,,4.0,200.0,4.0,25,480.0,,48,,,48.0,2.0,"3,5x MU",,,25%,40%,15%,16.0,6.0,,24, -   ,0.12,6,2.4,120,3.2,4
135,135,135,unit,Hero,Greek,theseus (hero),,,100.0,50.0,,,150.0,2.0,5,209.0,7.2,,,,7.2,1.0,12x MU,,,35%,40%,99%,,4.3,,7.2, -   ,0.048,3.6,1.39,104.5,2.14,2.32
136,136,136,unit,Ranged,Atlantean,arcus,,,,60.0,35.0,,95.0,2.0,16,65.0,,5,,,5.0,1.0,1.25X Infantry,,,15%,15%,99%,20.0,4.0,,5, -   ,0.053,2.5,0.68,32.5,0.8,0.8
137,137,137,unit,Arrow Ship,Greek,trireme,,,,100.0,50.0,,150.0,3.0,17,320.0,,24,,,24.0,1.5,,,,50%,30%,5%,15.0,5.5,,16, -   ,0.107,5.33,2.13,106.67,4.27,3.05
138,138,138,unit,Siege,Norse,ballista,,,,150.0,150.0,,300.0,4.0,17,85.0,,22,,12,22.0,2.5,3x ships,,,20%,90%,60%,30.0,2.4,,8.8,4.8,0.029,2.2,0.28,21.25,0.35,2.83
139,139,139,unit,Myth,Norse,battle boar,,,,,250.0,27.0,250.0,3.0,20,650.0,20.0,,,20,20.0,1.0,2x MU,"0,5x Hero",,60%,60%,80%,1.0,5.0,• Myth unit. A fast-moving construct that goes berserk and bucks at units all around it. Good against human soldiers  and buildings.  ,20,20,0.08,6.67,2.6,216.67,6.5,6.5
140,140,140,unit,Ranged Cavalry,Egypt,chariot archer,,,,100.0,40.0,,140.0,3.0,10,100.0,,11,,,11.0,1.5,1.25X Infantry,,,15%,20%,99%,20.0,5.0,,7.33, -   ,0.052,2.44,0.71,33.33,0.84,0.89
141,141,141,unit,Siege Ship,Norse,dragon ship,,,,100.0,50.0,,150.0,3.0,17,250.0,,10,,5,10.0,2.0,2x Arrow ships,,,10%,60%,10%,20.0,4.8, Siege ship. Good against arrow ships and buildings.   ,5,2.5,0.033,1.67,1.67,83.33,1.85,4.17
142,142,142,unit,Close Combat Ship,Norse,dreki,,,,100.0,50.0,,150.0,3.0,17,320.0,28.0,,,,28.0,1.5,,,,30%,10%,50%,2.0,7.0,,18.67, -   ,0.124,6.22,2.13,106.67,3.05,2.37
143,143,143,unit,Myth,Norse,einheri,,,,,175.0,15.0,175.0,2.0,17,275.0,15.0,,,10,15.0,1.0,2x MU,"0,5x Hero",,70%,60%,80%,,3.5,,15,10,0.086,7.5,1.57,137.5,5.24,3.93
144,144,144,unit,Myth,Norse,fenris wolf brood,,,175.0,,,15.0,175.0,2.0,14,550.0,35.0,,,,35.0,1.5,3x MU,"0,25x Hero",,40%,55%,80%,,5.3,,23.33, -   ,0.133,11.67,3.14,275,5.24,6.98
145,145,145,unit,Myth,Norse,fimbulwinter wolf,,,,,,,0.0,,,180.0,21.0,,,,21.0,1.5,,,,20%,40%,80%,,6.0,,14, -   , -   , -   , -   , -   , -   , -   
146,146,146,unit,Myth,Norse,fire giant,,,,,300.0,28.0,300.0,5.0,24,600.0,90.0,,,15,90.0,3.0,2x MU,"0,25x Hero",,60%,70%,80%,14.0,3.2,• Myth unit. A mighty engine of destruction who hurls fireballs at enemies. Good against human soldiers and buildings.   ,30,5,0.1,6,2,120,5,6.67
147,147,147,unit,Myth,Norse,frost giant,,,,,200.0,22.0,200.0,4.0,20,600.0,36.0,,,24,36.0,2.0,2x MU,"0,5x Hero",,55%,70%,80%,,,,18,12,0.09,4.5,3,150,6.67,10
148,148,148,unit,Ranged Hero,Norse,godi,,,,80.0,40.0,,120.0,3.0,23,85.0,,6.5,,,6.5,1.5,5.5x MU,,,20%,15%,99%,16.0,4.0,,4.33, -   ,0.036,1.44,0.71,28.33,0.89,0.83
149,149,149,unit,Infantry Hero,Norse,hero of ragnarok,,,,,,,0.0,3.0,,110.0,8.0,,,,8.0,1.3,,,,25%,10%,99%,,4.0,,6.15, -   , -   ,2.05, -   ,36.67, -   , -   
150,150,150,unit,Hero,Norse,hersir,,,80.0,,40.0,,120.0,3.0,23,143.0,8.8,,,,8.8,1.2,5.5x MU,,,20%,15%,99%,,4.5,,7.33, -   ,0.061,2.44,1.19,47.67,1.49,1.4
151,151,151,unit,Ranged,Atlantean,arcus (hero),,,,105.0,60.0,2.0,165.0,2.0,24,70.0,,6,,,6.0,1.0,1.25X Infantry,5.5x MU,,15%,15%,99%,20.0,4.3,,6, -   ,0.036,3,0.42,35,0.5,0.5
152,152,152,unit,Ranged,Greek,gastraphetoros,,,,100.0,60.0,,160.0,3.0,18,60.0,,12,,,12.0,2.1,8x buildings,,,5%,15%,99%,23.0,3.8,,5.71, -   ,0.036,1.9,0.38,20,0.39,0.44
153,153,153,unit,Infantry,Atlantean,oracle,,,40.0,,60.0,,100.0,,11,,,,,,0.0,,,,,15%,45%,99%,,3.5,, -   , -   , -   , -   , -   , -   , -   , -   
154,154,154,unit,Myth,Norse,jormun elver,,,200.0,,,15.0,200.0,4.0,10,1200.0,,60,,,60.0,1.5,3x MU,"0,5x Hero",,45%,60%,80%,16.0,6.0,,40, -   ,0.2,10,6,300,10.91,15
155,155,155,unit,Myth,Norse,kraken,,,300.0,,,20.0,300.0,4.0,10,800.0,54.0,,,18,54.0,3.6,3x MU,"0,5x Hero",,50%,70%,80%,1.0,6.0,,15,5,0.05,3.75,2.67,200,5.33,8.89
156,156,156,unit,Arrow Ship,Norse,longboat,,,,100.0,50.0,,150.0,3.0,17,290.0,,27,,,27.0,1.5,,,,50%,30%,5%,15.0,5.5,,18, -   ,0.12,6,1.93,96.67,3.87,2.76
157,157,157,unit,Myth,Norse,mountain giant,,,250.0,,,25.0,250.0,4.0,17,1200.0,26.0,,,32,26.0,1.3,"0,5x Hero",,,50%,40%,80%,1.0,3.2,• Myth unit. A massive thug who crushes smaller units and smashes buildings with his club. Good against buildings; 4) decent against human soldiers.   ,20,24.62,0.08,5,4.8,300,9.6,8
158,158,158,unit,Myth,Norse,nidhogg,,,,,,,0.0,,,2500.0,40.0,,,40,40.0,2.0,,,,50%,50%,80%,4.0,4.3,,20,20, -   , -   , -   , -   , -   , -   
159,159,159,unit,Close Combat Ship,Greek,pentekonter,,,,100.0,50.0,,150.0,3.0,17,350.0,25.0,,,,25.0,1.5,,,,30%,10%,50%,2.0,7.0,,16.67, -   ,0.111,5.56,2.33,116.67,3.33,2.59
160,160,160,unit,Siege,Norse,portable ram,,,,125.0,125.0,,250.0,3.0,13,275.0,5.0,,,40,5.0,1.0,,,,10%,90%,60%,2.0,3.5,,5,40,0.02,1.67,1.1,91.67,1.22,11
161,161,161,unit,Infantry,Greek,militia,,,,,,,0.0,,,100.0,5.0,,,,5.0,1.0,"1,5x Cavalry",,,30%,20%,99%,,4.8,,5, -   , -   , -   , -   , -   , -   , -   
162,162,162,unit,Myth,Norse,raven,,,,,,,0.0,,,,,,,,0.0,,,,,,,,,,, -   , -   , -   , -   , -   , -   , -   , -   
163,163,163,unit,Ranged Infantry,Norse,throwing axeman ,,,,50.0,40.0,,90.0,2.0,15,65.0,6.0,,,,6.0,1.5,3X Infantry,,,30%,10%,99%,10.0,4.0,,4, -   ,0.044,2,0.72,32.5,1.03,0.8
164,164,164,unit,Myth,Norse,troll,,,,160.0,,15.0,160.0,2.0,15,250.0,,18,,,18.0,1.5,3x MU,"0,25x Hero",,50%,50%,80%,14.0,3.5,,12, -   ,0.075,6,1.56,125,3.13,3.13
165,165,165,unit,Myth,Norse,valkyrie,,,200.0,,,18.0,200.0,3.0,,375.0,14.0,,,,14.0,1.2,3x MU,"0,5x Hero",,60%,55%,80%,,6.0,,11.67, -   ,0.058,3.89,1.88,125,4.69,4.17
166,166,166,unit,Myth,Norse,walking woods,,,,,,,0.0,,,240.0,16.0,,,30,16.0,2.0,,,,30%,60%,80%,,3.5,,8,15, -   , -   , -   , -   , -   , -   
167,167,167,unit,Myth,All,titans,,,1000.0,1000.0,1000.0,50.0,3000.0,10.0,,28000.0,70.0,,,70,70.0,3.5,5x Buildings,2x MU (20x Titan),2x Human,60%,80%,80%,,3.8,,20,20,0.007,2,9.33,"2,800.00",23.33,46.67
168,168,168,tech,line,Norse,medium infantry,N,"LH, HF",150.0,,150.0,,,,50,,,,,,,,,,,,,,,,"Upgrades Infantry to Medium Infantry, with more hitpoints and attack.
Infantry: Hitpoints +10%
Infantry: All Actions Damage (All Types) +10%
Infantry: Add 1.00 LOS
Throwing Axemen: Add 1.00 to Ranged Attack Maximum Range",,,,,,,,
169,169,169,tech,line,Norse,heavy infantry,N,"LH, HF",300.0,,300.0,,,,30,,,,,,,,,,,,,,,,"Upgrades Infantry to Heavy Infantry, with more hitpoints and attack.Infantry: Hitpoints +15%
Infantry: All Actions Damage (All Types) +15%
Infantry: Add 1.00 LOS
Throwing Axeman: Adds 1.00 to Ranged Attack Maximum Range",,,,,,,,
170,170,170,tech,line,Norse,champion infantry,N,"LH, HF",500.0,,400.0,,,,40,,,,,,,,,,,,,,,,"Upgrades Infantry to Champion Infantry, with more hitpoints and attack.
Infantry: Hitpoints +20%
Infantry: All Actions Damage (All Types) +20%
Infantry: Add 1.00 LOS
Throwing Axeman: Adds 1.00 to Ranged Attack Maximum Range",,,,,,,,
171,171,171,tech,line,Norse,medium cavalry,N,,,,,,,,,,,,,,,,,,,,,,,,,,,,,,,,
172,172,172,tech,line,Norse,heavy cavalry,N,,,,,,,,,,,,,,,,,,,,,,,,,,,,,,,,
173,173,173,tech,line,Norse,champion cavalry,N,,,,,,,,,,,,,,,,,,,,,,,,,,,,,,,,
174,174,174,tech,productivity,Norse,levy longhouse soldiers,,,,,,,,,,,,,,,,,,,,,,,,,,,,,,,,,
175,175,175,tech,productivity,Norse,conscript longhouse soldiers,,,,,,,,,,,,,,,,,,,,,,,,,,,,,,,,,
176,176,176,tech,productivity,Norse,levy great hall soldiers,,,,,,,,,,,,,,,,,,,,,,,,,,,,,,,,,
177,177,177,tech,productivity,Norse,conscript great hall soldiers,,,,,,,,,,,,,,,,,,,,,,,,,,,,,,,,,
178,178,178,tech,productivity,Norse,levy hill fort soldiers,,,,,,,,,,,,,,,,,,,,,,,,,,,,,,,,,
179,179,179,tech,productivity,Norse,conscript hill fort soldiers,,,,,,,,,,,,,,,,,,,,,,,,,,,,,,,,,
180,180,180,building,,Norse,longhouse,,,,150.0,,,,,,,,,,,,,,,,,,,,,,,,,,,,,
181,181,181,building,,Norse,great hall,,,,175.0,,,,,,,,,,,,,,,,,,,,,,,,,,,,,
182,182,182,building,,Norse,hill fort,,,,100.0,300.0,10.0,,,,,,,,,,,,,,,,,,,,,,,,,,,
183,183,183,tech,,Norse,draft horses,,,,,,,,,,,,,,,,,,,,,,,,,,,,,,,,,
184,184,184,tech,,Norse,engineers,,,,,,,,,,,,,,,,,,,,,,,,,,,,,,,,,
185,185,185,,,,burning pitch,,,,,,,,,,,,,,,,,,,,,,,,,• Ranged soldiers and ships fire flaming missiles for greater attack vs. buildings and ships.  • Ranged Soldier: Adds 3.00 to Ranged Attack Damage Bonus against Building  • Throwing Axeman: Adds -2.00 to Ranged Attack Damage Bonus against Building  • Arrow Ship: Adds 3.00 to Ranged Attack Damage Bonus against Building  • Ranged Soldier: Adds 1.50 to Ranged Attack Damage Bonus against Ship  • Arrow Ship: Ranged Attack Damage (All Types) •15%  • Centaur: Adds 3.00 to Ranged Attack Damage Bonus against Building  • Medusa: Adds 3.00 to Ranged Attack Damage Bonus against Building  • Satyr: Adds 3.00 to Ranged Attack Damage Bonus against Building  • Draugr: Adds 3.00 to Ranged Attack Damage Bonus against Building  ,,,,,,,,
186,186,186,,,,call of valhalla,,,,,,,,,,,,,,,,,,,,,,,,,"• Bragi improves Berserk hitpoints, and grants you favor when they fall in battle.  • Berserk: Hitpoints •10%  • Berserk: Resources returned on death: 0.5 Favor   ",,,,,,,,
187,187,187,,,,image,,,,,,,,,,,,,,,,,,,,,,,,,,,,,,,,,
188,188,188,,,,sentry tower,,,,,,,,,,,,,,,,,,,,,,,,,• Build Limit: 30  • Provides line of sight around your town and lets units garrison inside. Upgrade them to fire upon enemies.   ,,,,,,,,
189,189,189,,,,vikings,,,,,,,,,,,,,,,,,,,,,,,,,"• Njord causes Raiding Cavalry to produce Gold in addition to Favor while fighting enemy units, and deal additional divine damage.  • Raiding Cavalry: Adds 1.00 to Melee Attack Damage (Divine)  • Player: Add 10.00 Gold to Raiding Cavalry Bounty earning reward   ",,,,,,,,
