,Type,Sub_Type,Faction,Name,Prefixes,Suffixes,Food Cost,Wood Cost,Gold Cost,Favor Cost,Cost,Pop Cost,Training Time,Hitpoints,Line of Sight,Attack Type,Rate of fire,Bonus Multiplier,Maximum range,Hack Damage,Pierce Damage,Divine Damage,Crush Damage,Total Damage,Attack Speed,Multiplier 1,Multiplier 2,Multiplier 3,Hack Armor,Pierce Armor,Crush Armor,Range,Velocity,Description,DPS,DPS (Crush),DPS Per Cost,DPS Per Pop,HP Per Cost,HP Per Pop,Hack HP Per Cost,Pierce HP Per Cost, Crush Damage, Divine Damage
0,unit,Animal,All,golden lion,,,,,,,0,,,70,,,,,,15,,,,15,2.2,,,,15%,20%,99%,,5,,6.82, -   , -   , -   , -   , -   , -   , -   ,,
1,unit,Animal,All,relic monkey,,,,,,,0,,,40,,,,,,5,,,,5,1,,,,35%,20%,99%,,3.3,,5, -   , -   , -   , -   , -   , -   , -   ,,
2,unit,Cavalry,Egypt,war elephant,,,180,,70,,250,5,14,450,16,Melee Attack,1.4," Building:  4.00,  AbstractArcher:  1.50",0.75,20,,,,22,1.4,3X vs. Buildings,,,25,45,99,,2.9,,15.71, -   ,0.063,3.14,1.98,99,2.64,3.3,,
3,unit,Infantry,Atlantean,murmillo,,,55,,30,,85,2,14,110,16,Melee Attack,0.8, Building:  1.60,0.5,7,,,,7,0.8,,,,40,10,99,,4.5,,8.75, -   ,0.103,4.38,1.29,55,2.16,1.44,,
4,unit,Myth,Atlantean,argus,,,,,250,25,250,4,20,760,16,Melee Attack,1.5," MythUnit:  3.00,  Hero:  0.50",0.5,50,,,,40,1.5,3x  MU,,"0,5 x Hero",60,70,80,,4.1,,26.67, -   ,0.107,6.67,3.04,190,7.6,10.13,,
5,unit,Myth,Atlantean,automaton,,,,,90,6,90,2,10,230,16,Melee Attack,1," MythUnit:  3.00,  Hero:  0.50",0.5,11,,,,11,1,3x  MU ,"0,5x  Hero","0,5 x Hero",30,55,80,,4.2,,11, -   ,0.122,5.5,2.56,115,3.65,5.68,,
6,unit,Myth,Atlantean,behemoth,,,250,,,20,250,4,20,700,16,Melee Attack,1.5," MythUnit:  2.00,  Hero:  0.50",2.5,20,,,18,9,1.5,5x Buildings,2x MU,"0,5 x Hero",30,75,80,2.5,3,,6,12,0.024,1.5,2.6,162.5,3.71,10.4,110,
7,unit,Arrow Ship,Atlantean,bireme,,,,100,50,,150,3,16,290,20,Ranged Attack,1.5,,16,,8,,,24,1.5,,,,50,30,5,15,5.5,,16, -   ,0.107,5.33,1.93,96.67,3.87,2.76,,
8,unit,Myth,Atlantean,caladria,,,,100,25,12,125,2,9,100,20,Pacify,3.5,,18,,,-15,,-15,1,,,"0,5 x Hero",5,45,80,,5,,, -   , -   , -   ,1,62.5,1.11,1.25,,
9,unit,Myth,Atlantean,carnivora,,,,,,25,0,0,,600,16,Melee Attack,1," AbstractVillager:  O.25,  Hero:  0.50",3,20,,,,20,1,"0,5 x Hero","0,25 x Villagers ",,35,20,80,,Immoveable,,20, -   , -   , -   , -   , -   , -   , -   ,,
10,unit,Ranged Siege,Atlantean,cheiroballista,,,,115,100,,215,4,24,105,22,Ranged Attack,2," AbstractInfantry:  5.00,  Ship:  3.00",17,,3,,,12,2,4.0x infantry and 3x ships,,,20,50,85,20,3.8,,6, -   ,0.028,1.5,0.4,21.25,0.53,0.79,,
11,unit,Ranged Siege Hero,Atlantean,cheiroballista (hero),,,,200,175,4,375,4,32,120,22,Ranged Attack,2," AbstractInfantry:  5.00,  MythUnit:  8.00,  Ship:  3.00",17,,4,,,4,2,3.5x Infrantry,3x Ships,8x MU,20,50,85,20,4.1,,2, -   ,0.005,0.5,0.31,28.75,0.41,0.61,,
12,unit,Infantry,Greek,hoplite,,,50,,40,,90,2,12,115,16,Melee Attack,1," AbstractCavalry:  1.25,  Building:  1.60",0.75,8,,,,7.5,1,1.25x cavalry,,,40,15,99,,4.3,,7.5, -   ,0.083,3.75,1.28,57.5,2.13,1.5,,
13,unit,Hero,Atlantean,contarius (hero),,,115,,70,3,175,3,25,155,16,Melee Attack,1.5," MythUnit:  7.00,  AbstractArcher:  1.50",1,15,,,,15,1.5,"1,5x Ranged",7x MU,,15,45,99,1,6.05,,10, -   ,0.057,3.33,0.89,51.67,1.04,1.48,,
14,unit,Siege Infantry,Atlantean,destroyer,,,70,,60,,130,3,7,150,16,Melee Attack,1.2, Building:  9.60,1.5,6,,,,6,1.2,6x buildings,,,30,70,99,1.5,3.6,,5, -   ,0.038,1.67,1.15,50,1.65,3.85,,
15,unit,Siege Infantry Hero,Atlantean,destroyer (hero),,,125,,105,3,230,3,19,165,18,Melee Attack,1.2," Building:  9.60,  MythUnit:  11.00",1.5,7,,,,3.9,1.2,6x Building,11x MU,,30,70,99,,3.9,,3.25, -   ,0.014,1.08,0.72,55,1.02,2.39,,
16,unit,Myth,Atlantean,dryad,,,,175,,,150,0,13,275,16,Melee Attack,1.5, Hero:  0.50,0.5,22,,,,22,1.5,"0,5 x Hero",,,40,50,80,,4.5,,14.67, -   ,0.098, -   ,1.83, -   ,3.06,3.67,,
17,unit,Infantry,Atlantean,katapeltes,,,60,,35,,95,2,10,115,14,Melee Attack,1.2," AbstractCavalry:  4.00,  Building:  1.60",0.75,6,,,,6,1.2,4x cavalry,,,35,10,99,,4.5,,5, -   ,0.053,2.5,1.21,57.5,1.86,1.35,,
18,unit,Hero,Atlantean,fanatic (hero),,,130,,95,3,225,3,19,170,18,Melee Attack,1," AbstractInfantry:  1.50,  AbstractCavalry:  1.50,  MythUnit:  6.00",0.5,12,,,,9,1,2x Infrantry,2x Cavalry,8x MU,40,15,99,,4.6,,9, -   ,0.04,3,0.69,51.67,1.15,0.81,,
19,unit,Close Combat Ship,Atlantean,fire ship,,,,100,50,,150,3,16,320,16,Ranged Attack,1.5,,6,25,,,,20,1.5,,,,30,10,50,5,7,,13.33, -   ,0.089,4.44,2.13,106.67,3.05,2.37,,
20,unit,Siege,Atlantean,fire siphon,,,,275,180,,455,5,19,400,22,Wall Breaching,1.7,,,,20,,100,20,1.7,,,,5,90,85,16,2.9,,11.76,58.82,0.026,2.35,0.77,70,0.81,7.69,125,
21,unit,Cavalry,Norse,jarl,,,50,,80,,130,3,14,190,16,Melee Attack,1,,0.75,11,,,,10,1,,,,25,40,99,,4.8, Elite heavy cavalry. Good against human soldiers.   ,10, -   ,0.077,3.33,1.38,60,1.85,2.13,,
22,unit,Hero,Atlantean,katapeltes (hero),,,105,,60,2,165,2,19,130,16,Melee Attack,1.2," MythUnit:  9.00,  AbstractCavalry:  4.00,  Building:  1.60",0.75,7,,,,7,1.2,4x Cavalry,9x MU,,35,10,99,,4.8,,5.83, -   ,0.035,2.92,0.79,65,1.21,0.88,,
23,unit,Myth,Atlantean,lampades,,,,,220,22,250,4,20,350,16,Ranged Attack,2," MythUnit:  2.00,  Hero:  0.25",14,,24,,20,24,2,2x  MU," 0,25x Hero","0,5 x Hero",40,50,80,12,4.3,,12,10,0.048,3,1.4,87.5,2.33,2.8,,20
24,unit,Myth,Atlantean,man o war,,,250,,,15,250,4,10,900,,,,,,,,25,,25,3,3x MU,"0,25x Hero","0,25 x Hero",50%,70%,80%,12,6,,8.33, -   ,0.033,2.08,3.6,225,7.2,12,,
25,unit,Infantry,Atlantean,fanatic,,,75,,55,,130,3,7,155,16,Melee Attack,1," AbstractInfantry:  1.50,  AbstractCavalry:  1.50,  Building:  1.60",0.5,10.5,,,,8,1,2x infantry 2x cavalry,,,40,15,99,,4.3,,8, -   ,0.062,2.67,1.08,46.67,1.79,1.27,,
26,unit,Infantry Hero,Atlantean,murmillo (hero),,,95,,55,2,150,2,22,125,18,Melee Attack,0.8," MythUnit:  5.50,  Building:  1.60",0.5,7.5,10,,,18,0.8,"5,5x MU",,,40,10,99,,4.8,,22.5, -   ,0.15,11.25,0.83,62.5,1.39,0.93,,
27,unit,Myth,Atlantean,nerid,,,,,200,15,200,2,12,400,,,,,,25,,,,25,1,2x  MU,"0,5x Hero","0,5 x Hero",30%,50%,80%,,5,,25, -   ,0.125,12.5,2,200,2.86,4,,
28,unit,Infantry,Egypt,spearman,,,50,,25,,70,2,12,80,16,Melee Attack,1," AbstractCavalry:  1.50,  Building:  1.60",0.75,7,,,,6,1,1.75x cavalry,,,40,15,99,,5,,6, -   ,0.086,3,1.07,37.5,1.79,1.26,,
29,unit,Hero,Atlantean,oracle (hero),,,80,,120,1,200,1,19,105,,,,,,9,,,,9,1.5,6x MU,,,20%,50%,99%,,4.2,,6, -   ,0.03,6,0.53,105,0.66,1.05,,
30,unit,Myth,Atlantean,promethean,,,90,,,9,90,2,14,175,16,Melee Attack,1.1," MythUnit:  3.00,  Hero:  0.50",0.75,12,,,,12,1.1,3x MU,"0,5x Hero","0,5 x Hero",55,25,80,,4.3,,10.91, -   ,0.121,5.45,1.94,87.5,4.86,2.59,6,
31,unit,Myth,Atlantean,promethean (off spring),,,45,,,4,45,1,,80,,,,,,6,,,,6,1.1,"1,5xMU","0,5x Hero","0,5 x Hero",25%,35%,80%,,5.5,,5.45, -   ,0.121,5.45,1.78,80,2.37,2.74,,
32,unit,Myth,Atlantean,satyr,,,,250,,20,250,3,15,400,20,Ranged Attack,1," MythUnit:  3.00,  Hero:  0.25",18,,20,,,20,1,3xMU,"0,25 x Hero","0,25 x Villagers ",50,50,80,18,3.75,,20, -   ,0.08,6.67,1.6,133.33,3.2,3.2,,
33,unit,Arrow Ship,Atlantean,siege bireme,,,,100,50,,150,3,16,250,24,Flame Attack,2, AbstractArcherShip:  2.00,21,,2,,4*4,8,2,2x Archer Ships,,,10,60,10,20,4.8,,4, -   ,0.027,1.33,1.67,83.33,1.85,4.17,4,
34,unit,Myth,Atlantean,stymphalian bird,,,,200,50,25,220,3,10,400,17,Ranged Attack,1.8," MythUnit:  3.00,  Hero:  0.25",,,14,,,42,1.8,3x MU,"0,25x Hero",,15,45,80,15,3.8,,23.33, -   ,0.106,7.78,1.82,133.33,2.14,3.31,,
35,unit,Myth,Atlantean,tartarian spawn,,,,,,,0,,,350,,,,,,15,,,20,15,1,2x MU,"0,25x Hero",,40%,40%,80%,,3.8,,15,20, -   , -   , -   , -   , -   , -   ,,
36,unit,Infantry,Norse,hirdman,,,40,,45,,80,2,14,90,16,Melee Attack,1," AbstractCavalry:  4.00,  Building:  1.60",0.75,5,,,,4,1,4x cavalry,,,35,5,99,,4.8, Counter cavalry. Infantry only good against cavalry.   ,4, -   ,0.05,2,1.13,45,1.73,1.18,,
37,unit,Hero,Atlantean,turma (hero),,,,80,70,2,150,2,10+8,95,18,Ranged Attack,1.8," AbstractArcher:  4.00,  MythUnit:  8.00",14,,6.5,,,7,1.8,4x Ranged,8x MU,,15,40,99,12,5.3,,3.89, -   ,0.026,1.94,0.6,45,0.71,1,,
38,unit,Myth Unit,Atlantean,water carnivora,,,,,,25,0,0,,550,16,Melee Attack,1," AbstractVillager:  O.25,  Hero:  0.25",3,30,,,,30,1,"0,25 x Hero","0,25 x Villagers ",,35,30,30,,Immoveable,,30, -   , -   , -   , -   , -   , -   , -   ,,
39,unit,Myth Unit,Atlantean,centimanus,,,,,300,25,300,4,18,900,16,Melee Attack,1.5, Hero:  0.25,0.5,55,,,60,55,1.5,"0,25x Hero",,,60,60,80,,3.3,,36.67,40,0.122,12.22,2.83,283.33,7.08,7.08,80,
40,unit,Myth,Egypt,anubite,,,100,,,15,100,2,9,200,16,Melee Attack,0.8," MythUnit:  3.00,  Hero:  0.50",0.5,11,,,,11,0.8,3x MU,"0,5x Hero",,60,55,80,,5,,13.75, -   ,0.138,6.88,2,100,5,4.44,,
41,unit,Animal,Egypt,aurochs of set,,,,,,,0,2,,100,,,,,,6,,,,6,1,"0,5 x Building",,,20%,30%,99%,,4.5,,6, -   , -   ,3, -   ,50, -   , -   ,,
42,unit,Myth,Egypt,avenger,,,250,,,25,250,3,24,600,16,Melee Attack,1," MythUnit:  3.00,  Hero:  0.50",0.5,28,,,,28,1,"x3 MU 0,5x Hero",,,60,40,80,,5.5,,28, -   ,0.112,9.33,2.4,200,6,4,,
43,unit,Infantry,Greek,hypapist,,,60,,25,,85,2,10,95,,,,,,6,,,,6,1.2,5x infantry,,,35%,10%,99%,,4.3,,5, -   ,0.059,2.5,1.12,47.5,1.72,1.24,,
44,unit,Animal,Egypt,baboon of set,,,,,,3,0,1,3,20,,,,,,3,,,,3,1,"0,5x Buildings",,,35%,5%,99%,,3.3,,3, -   , -   ,3, -   ,20, -   , -   ,,
45,unit,Animal,Egypt,bear of set,,,,,,,0,1,,70,,,,,,5,,,,5,1.3,"0,5x Buildings",,,10%,30%,99%,,4.3,,3.85, -   , -   ,3.85, -   ,70, -   , -   ,,
46,unit,Animal,Egypt,boar of set,,,,,,,0,2,,70,,,,,,6,,,,6,1,"0,5x Buildings",,,20%,30%,99%,,5,,6, -   , -   ,3, -   ,35, -   , -   ,,
47,unit,Cavalry,Egypt,mercenary cavalry,,,,,120,,120,0,2,160,12,Melee Attack,1, AbstractArcher:  1.50,0.75,8,,,,7,1,"1,25x Ranged",,,20,35,99,,5.3,,7, -   ,0.058, -   ,1.33, -   ,1.67,2.05,,
48,unit,Animal,Egypt,caribou of set,,,,,,,0,2,,15,,,,,,4,,,,4,1.1,"0,5x Buildings",,,35%,0%,99%,,4,,3.64, -   , -   ,1.82, -   ,7.5, -   , -   ,,
49,unit,Siege,Egypt,catapult,,,,200,200,,400,5,26,115,36,Wall Breaching,4, Ship:  2.50,,,40,,200,40,4,"2,5 x Ship",,,30,90,85,,2.4,,10,50,0.025,2,0.29,23,0.41,2.88,250,
50,unit,Infantry,Greek,myrmidon,,,70,,50,,120,3,6,150,16,Melee Attack,1.4, Building:  1.60,0.5,,,10,,9,1.4,DIVINE DAMAGE,,,40,20,99,,4.3,,6.43, -   ,0.054,2.14,1.08,43.33,1.81,1.35,,
51,unit,Animal,Egypt,chicken of set,,,,,,,0,1,,4,,,,,,,,,,0,1,"0,5x Buildings",,,10%,0%,99%,,1.8,, -   , -   , -   , -   , -   ,4, -   , -   ,,
52,unit,Animal,Egypt,crocodile of set,,,,,,8,0,1,4,70,,,,,,5,,,,5,1.3,"0,5x Buildings",,,10%,30%,99%,,3.3,,3.85, -   , -   ,3.85, -   ,70, -   , -   ,,
53,unit,Animal,Egypt,crowned crane of set,,,,,,,0,1,,10,,,,,,4,,,,4,1.6,"0,5x Buildings",,,35%,20%,99%,,4,,2.5, -   , -   ,2.5, -   ,10, -   , -   ,,
54,unit,Animal,Egypt,deer of set,,,,,,,0,1,,15,,,,,,3,,,,3,1.1,"0,5x Buildings",,,35%,0%,99%,,4,,2.73, -   , -   ,2.73, -   ,15, -   , -   ,,
55,unit,Animal,Egypt,elephant of set,,,,,,18,0,2,8,270,,,,,,9,,,,9,1.4,"0,5x Buildings",,,20%,40%,99%,,3.3,,6.43, -   , -   ,3.21, -   ,135, -   , -   ,,
56,unit,Animal,Egypt,elk of set,,,,,,,0,1,,15,,,,,,4,,,,4,1.1,"0,5x Buildings",,,35%,0%,99%,,4,,3.64, -   , -   ,3.64, -   ,15, -   , -   ,,
57,unit,Animal,Egypt,gazelle of set,,,,,,4,0,1,3,15,,,,,,4,,,,4,1.1,"0,5x Buildings",,,35%,0%,99%,,4,,3.64, -   , -   ,3.64, -   ,15, -   , -   ,,
58,unit,Animal,Egypt,giraffe of set,,,,,,7,0,1,4,25,,,,,,5,,,,5,1.4,"0,5x Buildings",,,35%,5%,99%,,4,,3.57, -   , -   ,3.57, -   ,25, -   , -   ,,
59,unit,Hero,Egypt,hippopotamus of set,,,,,,10,0,1,6,100,,,,,,6,,,,6,1,"0,5x Buildings",,,10%,20%,99%,,4,,6, -   , -   ,6, -   ,100, -   , -   ,,
60,unit,Hero,Egypt,hyena of set,,,,,,5,0,1,4,45,,,,,,7,,,,7,1.8,"0,5x Buildings",,,20%,30%,99%,,4,,3.89, -   , -   ,3.89, -   ,45, -   , -   ,,
61,unit,Arrow Ship,Egypt,kebenit,,,,90,45,,135,3,16,290,20,Ranged Attack,1.5,,15,,8,,,24,1.5,,,,50,30,5,15,5.5,,16, -   ,0.119,5.33,2.15,96.67,4.3,3.07,,
62,unit,Myth,Egypt,leviathan,,,,,200,15,200,3,10,1020,16,Melee Attack,1.5," MythUnit:  2.00,  Hero:  0.50",2,38,,,,38,1.5,2x MU,"0,5x Hero",,40,60,80,,4.2,,25.33, -   ,0.127,8.44,5.1,340,8.5,12.75,,
63,unit,Hero,Egypt,lion of set,,,,,,,0,1,,45,,,,,,9,,,,9,2.2,"0,5x Buildings",,,20%,30%,99%,,5,,4.09, -   , -   ,4.09, -   ,45, -   , -   ,,
64,unit,Myth,Egypt,lost ship (ancestors),,,,,,,0,,,200,,,,,,,24,,,24,1.5,,,,25%,15%,5%,12,6,,16, -   , -   , -   , -   , -   , -   , -   ,,
65,unit,Infantry,Egypt,axemen,,,40,,30,,70,2,12,70,,,,,,5,,,,5,1,5x infantry,,,40%,5%,99%,,4.3,,5, -   ,0.071,2.5,1,35,1.67,1.05,,
66,unit,Cavalry,Atlantean,contarius,,,65,,40,,100,3,16,140,14,Melee Attack,1.5, AbstractArcher:  1.50,1,13.5,,,,13.5,1.5,1.5X Archers,,,15,45,99,1,5.75,,9, -   ,0.09,3,1.4,46.67,1.65,2.33,,
67,unit,Myth,Egypt,minion (ancestors),,,,,50,10,50,,,140,,,,,,8,,,,8,0.9,,,,35%,40%,80%,,5,,8.89, -   ,0.178, -   ,2.8, -   ,4.31,4.67,,
68,unit,Animal,Egypt,monkey of set,,,,,,,0,1,,29,,,,,,3,,,,3,1,"0,5x Buildings",,,35%,5%,99%,,3.3,,3, -   , -   ,3, -   ,29, -   , -   ,,
69,unit,Myth,Egypt,mummy,,,,275,,25,275,4,17,450,16,Ranged Attack,1.7," MythUnit:  3.00,  Hero:  0.25",12,,30,,,30,1.7,3x MU,"0,25 x Hero",,35,50,80,12,4,,17.65, -   ,0.064,4.41,1.64,112.5,2.52,3.27,,
70,unit,Myth,Egypt,petsuchos,,,,,200,15,200,3,20,480,22,None,,,,,10,2,,12,2,2x MU,"0,5x Hero",,40,45,80,20,3.6,,6, -   ,0.03,2,2.4,160,4,4.36,,
71,unit,Hero,Egypt,pharoah (hero),,,,,,,0,,,100,,,,,,,12,,,12,1,"2,5x MU",,,15%,30%,99%,12,4,,12, -   , -   , -   , -   , -   , -   , -   ,,
72,unit,Hero,Egypt,pharoah (new hero),,,,,,,0,,,100,,,,,,,12,,,12,1,"2,5x MU",,,15%,30%,99%,12,4,,12, -   , -   , -   , -   , -   , -   , -   ,,
73,unit,Myth,Egypt,phoenix,,,,,200,25,200,4,6,500,16,Ranged Attack,2.7," MythUnit:  2.00,  Hero:  0.25",4,50,,,50,40,2.7,2x MU,"0,25x Hero",,15,55,80,4,4.5,,14.81,18.52,0.074,3.7,2.5,125,2.94,5.56,65,
74,unit,Animal,Egypt,polar bear of set,,,,,,,0,1,,70,,,,,,5,,,,5,1.3,"0,5x Buildings",,,20%,30%,99%,,4.3,,3.85, -   , -   ,3.85, -   ,70, -   , -   ,,
75,unit,Hero,Egypt,priest (hero),,,,,100,,100,2,10,80,12,Ranged Attack,0.8, MythUnit:  5.00,5,,0.5,,,2,0.8,5x MU,,,10,1,99,10,3.6,,2.5, -   ,0.025,1.25,0.8,40,0.89,0.81,,
76,unit,Hero,Egypt,rhinoceros of set,,,,,,12,0,2,6,135,,,,,,8,,,,8,1.1,"0,5x Buildings",,,30%,40%,99%,,4,,7.27, -   , -   ,3.64, -   ,67.5, -   , -   ,,
77,unit,Myth,Egypt,roc,,,,,100,5,150,3,14,700,16,None,,,,,,,,0,,,,,0%,25,80,,5.3,, -   , -   , -   , -   , -   , -   , -   , -   ,,
78,unit,Myth,Egypt,scarab,,,240,,,18,300,4,20,900,16,Melee Attack,1.5," MythUnit:  2.00,  Hero:  0.50",1,15,,,75,15,1.5,2x MU,"0,5x Hero",,5,75,80,,3.2,,10,50,0.033,2.5,3,225,3.16,12,95,
79,unit,Myth,Egypt,scorpion man,,,,200,,24,200,3,20,500,,,,,,30,,,,30,1.3,3x MU,"0,5x Hero",,50%,40%,80%,,5,,23.08, -   ,0.115,7.69,2.5,166.67,5,4.17,,
80,unit,Myth,Egypt,sea snake,,,,,,,0,0,,50,16,Melee Attack,1.3,,3,9,,,,9,1.3,,,,5,20,50,,5.3,,6.92, -   , -   , -   , -   , -   , -   , -   ,,
81,unit,Myth,Egypt,serpent,,,,,,,0,0,,60,16,Melee Attack,1.2," AbstractVillager:  O.10,  OxCart:  O.10",0.75,5,,,,5,1.2,"0,1x Villagers",,,15,10,99,,4,,4.17, -   , -   , -   , -   , -   , -   , -   ,,
82,unit,Siege,Egypt,siege tower,,,,200,100,,300,3,15,400,20,Wall Breaching,3.5,,3,,,,220,0,4,,,,5,90,85,3,2.9,, -   ,50, -   , -   ,1,100,1.05,10,,
83,unit,Infantry,Norse,berserk,,,50,,30,,80,2,9,85,18,Melee Attack,0.7, Building:  1.60,0.5,0.65,,,,6.5,0.7,,,,35,10,99,,4.8,,9.29, -   ,0.116,4.64,1.06,42.5,1.63,1.18,,
84,unit,Hero,Egypt,son of osiris (hero),,,,,,,0,,,420,,,,,,,,40,,40,3,4x MU,,,30%,50%,99%,18,3.6,,13.33, -   , -   , -   , -   , -   , -   , -   ,,
85,unit,Cavalry,Greek,prodromos,,,70,,40,,110,3,12,135,,,,,,8,,,,8,1.3,3.5X Cavalry,,,20%,10%,99%,,6,,6.15, -   ,0.056,2.05,1.23,45,1.53,1.36,,
86,unit,Myth,Egypt,sphinx,,,,,120,20,120,3,17,300,16,Melee Attack,1.3," MythUnit:  3.00,  Hero:  0.50",1,15,,,7,15,1.3,3x MU,"0,5x Hero",,45,60,80,,5.3,,11.54,5.38,0.096,3.85,2.5,100,4.55,6.25,9,
87,unit,Myth,Egypt,wadjet,,,,150,,15,150,2,17,260,20,Ranged Attack,1.5," MythUnit:  2.00,  Hero:  0.25",18,,12,,,6,1.5,,,,25,25,80,18,3.8,,4, -   ,0.027,2,1.73,130,2.31,2.31,,
88,unit,Animal,Egypt,walrus of set,,,,,,,0,2,,100,,,,,,5,,,,5,0.8,"0,5x Buildings",,,10%,20%,99%,,3.3,,6.25, -   , -   ,3.13, -   ,50, -   , -   ,,
89,unit,Siege Ship,Egypt,war barge,,,,90,45,,135,3,12,250,24,Ranged Attack,2, AbstractArcherShip:  2.00,20,,2,,4,0,2,,,,10,60,10,20,4.8,, -   ,2, -   , -   ,1.85,83.33,2.06,4.63,4,
90,unit,Cavalry,Norse,raiding cavalry,,,40,,50,,90,2,10,105,12,Melee Attack,1, AbstractArcher:  1.75,0.75,8,,,,7.5,1,1.5X Archers,,,20,40,99,,6,,7.5, -   ,0.083,3.75,1.17,52.5,1.46,1.79,,
91,unit,Myth,Egypt,war turtle,,,225,,,15,300,4,9,1320,16,Melee Attack,1.7," MythUnit:  2.00,  Hero:  0.50",2,60,,,34,42,1.7,2x MU,"0,5x Hero",,40,70,80,,5.3,,24.71,20,0.082,6.18,3.2,240,5.33,10.67,40,
92,unit,Hero,Egypt,water buffalo of set,,,,,,,0,2,,100,,,,,,7,,,,7,1,"0,5x Buildings",,,20%,10%,99%,,4,,7, -   , -   ,3.5, -   ,50, -   , -   ,,
93,unit,Animal,Egypt,wolf of set,,,,,,,0,1,,35,,,,,,5,,,,5,1.7,"0,5x Buildings",,,20%,30%,99%,,5,,2.94, -   , -   ,2.94, -   ,35, -   , -   ,,
94,unit,Hero,Egypt,zebra of set,,,,,,,0,1,,15,,,,,,5,,,,5,1.4,"0,5x Buildings",,,35%,0%,99%,,4,,3.57, -   , -   ,3.57, -   ,15, -   , -   ,,
95,unit,Hero,Greek,achilles,,,75,,175,2,250,3,20,300,,,,,,9,,,,9,1,"6,5x MU",,,30%,45%,99%,,5.5,,9, -   ,0.036,3,1.2,100,1.71,2.18,,
96,unit,Hero,Greek,ajax,,,100,50,,,150,2,5,257,,,,,,7.7,,,,7.7,1,12x MU,,,40%,35%,99%,,4.3,,7.7, -   ,0.051,3.85,1.71,128.5,2.86,2.64,,
97,unit,Hero,Greek,atlanta,,,75,,175,2,250,3,20,303,,,,,,13.4,,,,13.4,1.4,"6,5x MU",,,35%,30%,99%,,5.8,,9.57, -   ,0.038,3.19,1.21,101,1.86,1.73,,
98,unit,Hero,Greek,bellerophon ,,,,,400,6,400,4,30,550,,,,,,16.5,,7.7,,24.2,1.2,"4,5x MU",,,20%,55%,99%,,6,,20.17, -   ,0.05,5.04,1.38,137.5,1.72,3.06,,
99,unit,Myth,Greek,carcinos,,,,200,,15,200,3,9,900,16,Melee Attack,1.2," MythUnit:  2.00,  Hero:  0.50",0.5,35,,,15,24,1.2,2x MU,"0,5 x Hero",,70,60,80,,5,,20,12.5,0.1,6.67,3.6,240,12,9,20,
100,unit,Myth,Greek,centaur,,,,180,,14,180,3,22,250,16,Ranged Attack,1.5," MythUnit:  2.00,  Hero:  0.25",12,,18,,,18,1.5,2x MU,"0,25x Hero",,15,20,80,12,5.5,,12, -   ,0.067,4,1.39,83.33,1.63,1.74,,
101,unit,Myth,Greek,chimera,,,300,,,28,350,4,20,700,16,Melee Attack,1," MythUnit:  3.00,  Hero:  0.50",1,20,,,,20,1,3x MU,"0,5x Hero",,60,60,80,1,5.3,,20, -   ,0.057,5,2,175,5,5,,
102,unit,Hero,Greek,chiron,,,,250,100,4,350,2,25,385,,,,,,,12.1,,,12.1,1.5,"6,5x MU",,,20%,30%,99%,18,5.5,,8.07, -   ,0.023,4.03,1.1,192.5,1.38,1.57,,
103,unit,Myth,Greek,collosus,,,,,350,35,350,4,24,1200,,,,,,26,,,65,26,1.3,"0,5x Hero",,,50%,75%,80%,,3,,20,50,0.057,5,3.43,300,6.86,13.71,,
104,unit,Myth,Greek,cyclops,,,150,,,18,150,3,20,600,,,,,,16,,,20,16,1.4,2x MU,"0,5x Hero",,40%,55%,80%,,3.5,,11.43,14.29,0.076,3.81,4,200,6.67,8.89,,
105,unit,Infantry,Egypt,mercenary,,,,,90,,90,0,1,90,16,Melee Attack,1," AbstractCavalry:  1.50,  Building:  1.60",0.75,7,,,,7,1,"1,25x Cavalry",,,35,15,99,,4.3,,7, -   ,0.078, -   ,0.94, -   ,1.45,1.11,,
106,unit,Siege,Greek,helepolis,,,,300,200,,500,5,24,650,18,Wall Breaching,2,,10,,10,,34,30,2,,,,5,90,85,10,2.9,,15,17,0.03,3,1.2,120,1.26,12,50,
107,unit,Hero,Greek,heracles,,,75,,175,2,250,3,20,358,,,,,,13.2,,,,13.2,1.2,"6,5x MU",,,25%,30%,99%,,4.8,,11, -   ,0.044,3.67,1.43,119.33,1.91,2.05,,
108,unit,Cavalry,Greek,hippeus,,,40,,80,,120,3,16,150,12,Melee Attack,1, AbstractArcher:  1.50,0.75,10,,,,10,1,1.5X Archers,,,15,45,99,,5.5,,10, -   ,0.083,3.33,1.25,50,1.39,2.08,,
109,unit,Cavalry,Egypt,camel rider,,,50,,70,,120,3,6,135,16,Melee Attack,1," AbstractCavalry:  2.00,  AbstractArcher:  1.25",0.75,8,,,,8.8,1,2X vs. cav,,,15,40,99,,6,,8.8, -   ,0.073,2.93,1.24,49.67,1.46,1.91,,
110,unit,Myth Unit,Greek,hippocampus,,,,,,,0,0,,70,16,None,,,,,,,,0,,,,,10,70,80,,6.6,, -   , -   , -   , -   , -   , -   , -   , -   ,,
111,unit,Hero,Greek,hippolyta (hero),,,,250,100,4,350,2,25,325,22,Ranged Attack,1.7, MythUnit:  6.50,20,,15,,,14.3,1.7,"6,5x MU",,,25,35,99,20,4.3,,8.41, -   ,0.024,4.21,1.02,179,1.36,1.57,,
112,unit,Cavalry,Greek,hetairos,,,50,,90,,140,3,8,160,10,Melee Attack,1, AbstractArcher:  1.50,0.75,8,,,,10,1,Does Splash Damage (2.5),,,5,40,99,,5,,10, -   ,0.071,3.33,1.14,53.33,1.2,1.9,,
113,unit,Myth,Greek,hydra,,,250,,,28,250,4,20,800,16,Melee Attack,1.5," MythUnit:  2.00,  Hero:  0.50",2,30,,,15,30,1.5,2x MU,"0,5x Hero",,60,50,80,2,4,,20,10,0.08,5,3.2,200,8,6.4,18,
114,unit,Infantry,Norse,huskarl,,,,75,40,,115,2,6,115,16,Melee Attack,1," AbstractArcher:  2.00,  Building:  1.60",0.5,7,,,,7,1,2x archers,,,10,60,99,,5,• Counter to ranged soldiers. Infantry only good against ranged soldiers.   ,7, -   ,0.061,3.5,1,57.5,1.11,2.5,,
115,unit,Hero,Greek,jason,,,100,50,,,150,2,5,220,,,,,,9.9,,,,9.9,1.5,12x MU,,,35%,35%,99%,,4.3,,6.6, -   ,0.044,3.3,1.47,110,2.26,2.26,,
116,unit,Siege Ship,Greek,juggernaut,,,,100,50,,150,3,16,265,24,Ranged Attack,2, AbstractArcherShip:  2.00,20,,2,,4,8,2,2x arrow ships,,,10,60,10,20,4.8,,4,2,0.027,1.33,1.83,91.67,2.04,4.58,4,
117,unit,Ranged Cavalry,Atlantean,turma,,,,45,40,,85,2,9,85,16,Ranged Attack,1.8, AbstractArcher:  4.00,14,,5.5,,,5.5,1.8,4x ranged,,,15,40,99,12,5,,3.06, -   ,0.036,1.53,0.94,40,1.11,1.57,,
118,unit,Myth,Greek,manticore,,,,250,,25,300,4,17,420,18,Ranged Attack,1," MythUnit:  3.00,  Hero:  0.25",16,,11,,,33,1,2x MU,"0,25x Hero",,30,60,80,16,4.6,,33, -   ,0.11,8.25,1.4,105,2,3.5,,
119,unit,Myth,Greek,medusa,,,,250,,24,250,4,20,500,16,Ranged Attack,1.7," MythUnit:  2.00,  Hero:  0.25",16,,35,,5,35,1.7,2x MU,"0,25x Hero",,60,70,80,16,4.3,,20.59,2.94,0.082,5.15,2,125,5,6.67,5,
120,unit,Cavalry,Greek,kataskopos,,,75,,,,75,1,,70,,,,,,1,,,,1,1.1,,,,10%,70%,99%,,5.9,,0.91, -   ,0.012,0.91,0.93,70,1.04,3.11,,
121,unit,Myth,Greek,minotaur,,,,,180,15,180,3,20,320,16,Melee Attack,1.1," MythUnit:  2.00,  Hero:  0.50",1,17,,,,17,1.1,2x MU,"0,5x Hero",,60,50,80,,4.5,,15.45, -   ,0.086,5.15,1.78,106.67,4.44,3.56,,
122,unit,Ranged,Greek,peltast,,,,70,25,,90,2,10,65,20,Ranged Attack,1.5, AbstractArcher:  4.00,18,,5,,,5,1.5,4X ranged,,,10,40,99,18,4,,3.33, -   ,0.037,1.67,0.78,35,0.92,1.3,,
123,unit,Myth,Greek,nemean lion,,,,,250,22,250,3,20,660,16,Melee Attack,1.1," MythUnit:  3.00,  Hero:  0.50",1,22,,,11,22,1.1,2x MU,"0,5x Hero",,30,60,80,,4.8,,20,10,0.08,6.67,2.64,220,3.77,6.6,14,
124,unit,Hero,Greek,odysseus,,,,250,100,4,350,2,25,350,20,Ranged Attack,1.2, MythUnit:  6.50,18,,11,,,11,1.2,"6,5x MU",,,25,35,99,18,4.3,,9.17, -   ,0.026,4.58,1.1,192.5,1.47,1.69,,
125,unit,Myth,Greek,pegasus,,,50,,,2,50,2,6,100,18,None,,,,,,,,0,,,,,50,50,80,18,5,, -   , -   , -   , -   , -   , -   , -   , -   ,,
126,unit,Ranged,Egypt,slinger,,,,55,25,,85,2,13,60,19,Ranged Attack,1, AbstractArcher:  3.00,17,,3,,,3,1,3x ranged,,,15,40,99,17,4,,3, -   ,0.035,1.5,0.76,32.5,0.9,1.18,,
127,unit,Hero,Greek,perseus,,,,,400,6,400,4,30,440,,,,,,19.8,,9.9,,29.7,1.5,7x,,,20%,40%,99%,28,4.3,,19.8, -   ,0.05,4.95,1.1,110,1.38,1.83,,
128,unit,Siege,Greek,petrobolos,,,,125,150,,350,3,15,110,36,Wall Breaching,4, Ship:  2.50,,,10,,44,30,4,"2,5x Ships",,,30,90,85,,2.4,,7.5,11,0.021,2.5,0.31,36.67,0.45,3.14,55,
129,unit,Hero,Greek,polyphemus (hero),,,,,400,6,400,4,30,700,20,Melee Attack,1.5, MythUnit:  4.00,0.75,25,,,15,25,1.5,4x MU,,,40,40,99,2,4.1,,16.67,10,0.042,4.17,1.75,175,2.92,2.92,15,
130,unit,Ranged,Greek,toxotes,,,,55,35,,90,2,15,65,18,Ranged Attack,1.1, AbstractInfantry:  1.25,15,,6,,,6,1.1,1.25X Infantry,,,15,15,99,15,4,,5.45, -   ,0.061,2.73,0.72,32.5,0.85,0.85,,
131,unit,Close Combat Ship,Greek,ramming galley,,,,90,45,,135,3,17,320,,,,,,25,,,,25,1.5,,,,30%,10%,50%,2,7,,16.67, -   ,0.123,5.56,2.37,106.67,3.39,2.63,,
132,unit,Myth,Greek,scylla,,,,,200,20,200,4,15,800,16,Melee Attack,1.5," MythUnit:  1.50,  Hero:  0.50",2,30,,,15,30,1.5,"1,5x MU","0,5x Hero",,40,65,80,,5.3,,20,10,0.1,5,4,200,6.67,13.33,15,
133,unit,Myth,Greek,shade of hades,,,,,,,0,,,100,,,,,,12,,,,12,2,,,,20%,20%,80%,,4.5,,6, -   , -   , -   , -   , -   , -   , -   ,,
134,unit,Hero,Greek,the argo (hero),,,,200,,4,200,4,25,480,20,Ranged Attack,2, MythUnit:  3.50,16,,16,,,48,2,"3,5x MU",,,25,40,15,16,6,,24, -   ,0.12,6,2.4,120,3.2,4,,
135,unit,Hero,Greek,theseus (hero),,,100,50,,,150,2,5,209,,,,,,7.2,,,,7.2,1,12x MU,,,35%,40%,99%,,4.3,,7.2, -   ,0.048,3.6,1.39,104.5,2.14,2.32,,
136,unit,Ranged,Atlantean,arcus,,,,60,35,,95,2,16,65,22,Ranged Attack,1, AbstractInfantry:  1.25,20,,5,,,5,1,1.25X Infantry,,,15,15,99,20,4,,5, -   ,0.053,2.5,0.68,32.5,0.8,0.8,,
137,unit,Arrow Ship,Greek,trireme,,,,100,50,,150,3,16,305,20,Ranged Attack,1.5,,15,,8,,,24,1.5,,,,50,30,5,15,5.5,,16, -   ,0.107,5.33,2.13,106.67,4.27,3.05,,
138,unit,Siege,Norse,ballista,,,,150,150,,300,3,17,85,40,Wall Breaching,2.5, Ship:  3.00,,,22,,12,22,2.5,3x ships,,,20,90,85,30,2.4,"Pop Cost: 3  Training Time: 17  Velocity: 2.40  Attack: Wall Breaching  Rate of fire: 2.50  Minimum range: 4.00, Maximum range: 30.00 Pierce: 22.00, Crush: 19.00,  Bonus against: Ship, X3.00  Object Notes:  Linked Triggers:   ",8.8,4.8,0.029,2.2,0.28,21.25,0.35,2.83,19,
139,unit,Myth,Norse,battle boar,,,,,250,27,250,3,20,720,16,Melee Attack,1," MythUnit:  2.00,  Hero:  0.50",1,20,,,20,20,1,2x MU,"0,5x Hero",,60,60,80,1,5,"Pop Cost: 3  Training Time: 20  Velocity: 5.00  Attack: Melee Attack  Rate of fire: 1.00  Maximum range: 1.00  Hack: 20.00, Crush: 30.00, Bonus against: MythUnit, X2.00 Bonus against: Hero, X0.50  ",20,20,0.08,6.67,2.6,216.67,6.5,6.5,30,
140,unit,Ranged Cavalry,Egypt,chariot archer,,,,100,40,,140,3,8,95,21,Ranged Attack,1.5, AbstractInfantry:  1.50,19,,11,,,11,1.5,1.25X Infantry,,,15,20,99,20,5,,7.33, -   ,0.052,2.44,0.71,33.33,0.84,0.89,,
141,unit,Siege Ship,Norse,dragon ship,,,,100,50,,150,3,16,250,24,Ranged Attack,2, AbstractArcherShip:  2.00,20,,2.5,,5,10,2,2x Arrow ships,,,10,60,10,20,4.8, Siege ship. Good against arrow ships and buildings.   ,5,2.5,0.033,1.67,1.67,83.33,1.85,4.17,4.5,
142,unit,Close Combat Ship,Norse,dreki,,,,100,50,,150,3,16,320,16,Melee Attack,1.5,,2,27.5,,,,28,1.5,,,,30,10,50,2,7,,18.67, -   ,0.124,6.22,2.13,106.67,3.05,2.37,,
143,unit,Myth,Norse,einheri,,,,,175,15,175,2,17,275,,,,,,15,,,10,15,1,2x MU,"0,5x Hero",,70%,60%,80%,,3.5,,15,10,0.086,7.5,1.57,137.5,5.24,3.93,,
144,unit,Myth,Norse,fenris wolf brood,,,175,,,15,175,2,12,550,16,Melee Attack,1.5," MythUnit:  3.00,  Hero:  0.25",1,40,,,,35,1.5,3x MU,"0,25x Hero",,40,55,80,,5.5,,23.33, -   ,0.133,11.67,3.14,275,5.24,6.98,,
145,unit,Myth,Norse,fimbulwinter wolf,,,,,,,0,,,180,,,,,,21,,,,21,1.5,,,,20%,40%,80%,,6,,14, -   , -   , -   , -   , -   , -   , -   ,,
146,unit,Myth,Norse,fire giant,,,,,300,28,300,4,24,600,16,Ranged Attack,3," MythUnit:  2.00,  Hero:  0.25",14,45,,,15,90,3,2x MU,"0,25x Hero",,60,70,80,14,3.2,• Myth unit. A mighty engine of destruction who hurls fireballs at enemies. Good against human soldiers and buildings.   ,30,5,0.1,6,2,120,5,6.67,20,
147,unit,Myth,Norse,frost giant,,,,,200,22,200,4,20,600,16,Melee Attack,2," MythUnit:  2.00,  Hero:  0.50",0.5,36,,,24,36,2,2x MU,"0,5x Hero",,55,70,80,,,,18,12,0.09,4.5,3,150,6.67,10,30,
148,unit,Ranged Hero,Norse,godi,,,,80,40,,120,3,16,85,19,Ranged Attack,1.5, MythUnit:  6.00,17,,7,,,6.5,1.5,5.5x MU,,,20,15,99,16,4,,4.33, -   ,0.036,1.44,0.71,28.33,0.89,0.83,,
149,unit,Infantry Hero,Norse,hero of ragnarok,,,80,,40,,0,2,,130,16,Melee Attack,1.3," MythUnit:  4.00,  Building:  1.60",0.75,9,,,,8,1.3,,,,25,15,99,,4.3,,6.15, -   , -   ,2.05, -   ,36.67, -   , -   ,,
150,unit,Hero,Norse,hersir (hero),,,80,,40,,120,3,16,130,16,Melee Attack,1.2," MythUnit:  6.00,  Building:  1.60",0.75,0.8,,,,8.8,1.2,5.5x MU,,,20,25,99,,4.8,,7.33, -   ,0.061,2.44,1.19,47.67,1.49,1.4,,
151,unit,Ranged,Atlantean,arcus (hero),,,,105,60,2,165,2,24,70,,,,,,,6,,,6,1,1.25X Infantry,5.5x MU,,15%,15%,99%,20,4.3,,6, -   ,0.036,3,0.42,35,0.5,0.5,,
152,unit,Ranged,Greek,gastraphetoros,,,,100,60,,160,3,9,80,28,Ranged Attack,2.1, Building:  20.00,23,,12,,,12,2.1,8x buildings,,,5,15,99,23,3.8,,5.71, -   ,0.036,1.9,0.38,20,0.39,0.44,,
153,unit,Infantry,Atlantean,oracle,,,40,,60,,100,1,12,90,3,Melee Attack,1.5,,,,,,,0,,,,,15,45,99,,3.5,, -   , -   , -   , -   , -   , -   , -   , -   ,,
154,unit,Myth,Norse,jormun elver,,,200,,,15,200,4,10,1200,22,Ranged Attack,1.5," MythUnit:  2.00,  Hero:  0.50",16,,60,,,60,1.5,3x MU,"0,5x Hero",,45,60,80,16,6,,40, -   ,0.2,10,6,300,10.91,15,,
155,unit,Myth,Norse,kraken,,,300,,,20,300,4,10,800,16,Melee Attack,3.6," MythUnit:  3.00,  Hero:  0.50",1,54,,,18,54,3.6,3x MU,"0,5x Hero",,50,70,80,1,6,,15,5,0.05,3.75,2.67,200,5.33,8.89,18,
156,unit,Arrow Ship,Norse,longboat,,,,100,50,,150,3,16,290,20,Ranged Attack,1.5,,15,,9,,,27,1.5,,,,50,30,5,15,5.5,,18, -   ,0.12,6,1.93,96.67,3.87,2.76,,
157,unit,Myth,Norse,mountain giant,,,250,,,25,250,4,17,1200,16,Melee Attack,1.3, Hero:  0.50,1,26,,,32,26,1.3,"0,5x Hero",,,50,40,80,1,3.2,• Myth unit. A massive thug who crushes smaller units and smashes buildings with his club. Good against buildings; 4) decent against human soldiers.   ,20,24.62,0.08,5,4.8,300,9.6,8,40,
158,unit,Myth,Norse,nidhogg,,,,,,,0,0,,2800,40,Ranged Attack,2, Hero:  0.10,4,40,,,40,40,2,,,,50,50,80,4,4.3,,20,20, -   , -   , -   , -   , -   , -   ,50,
159,unit,Close Combat Ship,Greek,pentekonter,,,,100,50,,150,3,16,335,16,Melee Attack,1.5,,2,25,,,,25,1.5,,,,30,10,50,2,7,,16.67, -   ,0.111,5.56,2.33,116.67,3.33,2.59,,
160,unit,Siege,Norse,portable ram,,,,125,125,,250,3,13,275,14,Wall Breaching,1,,2,5,,,40,5,1,,,,10,90,85,2,3.5,,5,40,0.02,1.67,1.1,91.67,1.22,11,60,
161,unit,Infantry,Greek,militia,,,70,,,,0,1,,100,20,Melee Attack,1," AbstractCavalry:  1.50,  Building:  1.60",0.75,5,,,,5,1,"1,5x Cavalry",,,30,20,99,,4.8,,5, -   , -   , -   , -   , -   , -   , -   ,,
162,unit,Myth,Norse,raven,,,,,,,0,,,,,,,,,,,,,0,,,,,,,,,,, -   , -   , -   , -   , -   , -   , -   , -   ,,
163,unit,Ranged Infantry,Norse,throwing axeman ,,,,50,40,,90,2,15,65,,,,,,6,,,,6,1.5,3X Infantry,,,30%,10%,99%,10,4,,4, -   ,0.044,2,0.72,32.5,1.03,0.8,,
164,unit,Myth,Norse,troll,,,,160,,15,160,2,15,250,16,Ranged Attack,1.5," MythUnit:  2.00,  Hero:  0.25",14,,18,,,18,1.5,3x MU,"0,25x Hero",,50,50,80,14,3.5,,12, -   ,0.075,6,1.56,125,3.13,3.13,,
165,unit,Myth,Norse,valkyrie,,,200,,,18,200,3,17,375,16,Melee Attack,1.2," MythUnit:  3.00,  Hero:  0.50",1,14,,,,14,1.2,3x MU,"0,5x Hero",,50,55,80,,6,,11.67, -   ,0.058,3.89,1.88,125,4.69,4.17,,
166,unit,Myth,Norse,walking woods,,,,100,,10,0,0,,240,16,Melee Attack,2, Hero:  0.50,0.5,16,,,30,16,2,,,,30,60,80,,3.5,,8,15, -   , -   , -   , -   , -   , -   ,30,
167,unit,Myth,All,titans,,,1000,1000,1000,50,3000,10,,28000,,,,,,70,,,70,70,3.5,5x Buildings,2x MU (20x Titan),2x Human,60%,80%,80%,,3.8,,20,20,0.007,2,9.33,"2,800.00",23.33,46.67,,
168,tech,line,Norse,medium infantry,N,"LH, HF",150,,150,,,,50,,,,,,,,,,,,,,,,,,,,,"Upgrades Infantry to Medium Infantry, with more hitpoints and attack.
Infantry: Hitpoints +10%
Infantry: All Actions Damage (All Types) +10%
Infantry: Add 1.00 LOS
Throwing Axemen: Add 1.00 to Ranged Attack Maximum Range",,,,,,,,,,
169,tech,line,Norse,heavy infantry,N,"LH, HF",300,,300,,,,30,,,,,,,,,,,,,,,,,,,,,"Upgrades Infantry to Heavy Infantry, with more hitpoints and attack.Infantry: Hitpoints +15%
Infantry: All Actions Damage (All Types) +15%
Infantry: Add 1.00 LOS
Throwing Axeman: Adds 1.00 to Ranged Attack Maximum Range",,,,,,,,,,
170,tech,line,Norse,champion infantry,N,"LH, HF",500,,400,,,,40,,,,,,,,,,,,,,,,,,,,,"Upgrades Infantry to Champion Infantry, with more hitpoints and attack.
Infantry: Hitpoints +20%
Infantry: All Actions Damage (All Types) +20%
Infantry: Add 1.00 LOS
Throwing Axeman: Adds 1.00 to Ranged Attack Maximum Range",,,,,,,,,,
171,tech,line,Norse,medium cavalry,N,,,,,,,,,,,,,,,,,,,,,,,,,,,,,,,,,,,,,,,
172,tech,line,Norse,heavy cavalry,N,,,,,,,,,,,,,,,,,,,,,,,,,,,,,,,,,,,,,,,
173,tech,line,Norse,champion cavalry,N,,,,,,,,,,,,,,,,,,,,,,,,,,,,,,,,,,,,,,,
174,tech,productivity,Norse,levy longhouse soldiers,,,,,,,,,,,,,,,,,,,,,,,,,,,,,,,,,,,,,,,,
175,tech,productivity,Norse,conscript longhouse soldiers,,,,,,,,,,,,,,,,,,,,,,,,,,,,,,,,,,,,,,,,
176,tech,productivity,Norse,levy great hall soldiers,,,,,,,,,,,,,,,,,,,,,,,,,,,,,,,,,,,,,,,,
177,tech,productivity,Norse,conscript great hall soldiers,,,,,,,,,,,,,,,,,,,,,,,,,,,,,,,,,,,,,,,,
178,tech,productivity,Norse,levy hill fort soldiers,,,,,,,,,,,,,,,,,,,,,,,,,,,,,,,,,,,,,,,,
179,tech,productivity,Norse,conscript hill fort soldiers,,,,,,,,,,,,,,,,,,,,,,,,,,,,,,,,,,,,,,,,
180,building,,Norse,longhouse,,,,150,,,,,,,,,,,,,,,,,,,,,,,,,,,,,,,,,,,,
181,building,,Norse,great hall,,,,175,,,,,,,,,,,,,,,,,,,,,,,,,,,,,,,,,,,,
182,building,,Norse,hill fort,,,,100,300,10,,,,,,,,,,,,,,,,,,,,,,,,,,,,,,,,,,
183,tech,,Norse,draft horses,,,,,,,,,,,,,,,,,,,,,,,,,,,,,,,,,,,,,,,,
184,tech,,Norse,engineers,,,,,,,,,,,,,,,,,,,,,,,,,,,,,,,,,,,,,,,,
185,,,,burning pitch,,,,,,,,,,,,,,,,,,,,,,,,,,,,,,• Ranged soldiers and ships fire flaming missiles for greater attack vs. buildings and ships.  • Ranged Soldier: Adds 3.00 to Ranged Attack Damage Bonus against Building  • Throwing Axeman: Adds -2.00 to Ranged Attack Damage Bonus against Building  • Arrow Ship: Adds 3.00 to Ranged Attack Damage Bonus against Building  • Ranged Soldier: Adds 1.50 to Ranged Attack Damage Bonus against Ship  • Arrow Ship: Ranged Attack Damage (All Types) •15%  • Centaur: Adds 3.00 to Ranged Attack Damage Bonus against Building  • Medusa: Adds 3.00 to Ranged Attack Damage Bonus against Building  • Satyr: Adds 3.00 to Ranged Attack Damage Bonus against Building  • Draugr: Adds 3.00 to Ranged Attack Damage Bonus against Building  ,,,,,,,,,,
186,,,,call of valhalla,,,,,,,,,,,,,,,,,,,,,,,,,,,,,,"• Bragi improves Berserk hitpoints, and grants you favor when they fall in battle.  • Berserk: Hitpoints •10%  • Berserk: Resources returned on death: 0.5 Favor   ",,,,,,,,,,
187,,,,image,,,,,,,,,,,,,,,,,,,,,,,,,,,,,,,,,,,,,,,,
188,,,,sentry tower,,,,,,,,,,,,,,,,,,,,,,,,,,,,,,• Build Limit: 30  • Provides line of sight around your town and lets units garrison inside. Upgrade them to fire upon enemies.   ,,,,,,,,,,
189,,,,vikings,,,,,,,,,,,,,,,,,,,,,,,,,,,,,,"• Njord causes Raiding Cavalry to produce Gold in addition to Favor while fighting enemy units, and deal additional divine damage.  • Raiding Cavalry: Adds 1.00 to Melee Attack Damage (Divine)  • Player: Add 10.00 Gold to Raiding Cavalry Bounty earning reward   ",,,,,,,,,,
190,,,,axe cart,,,,200,200,,,4,22,500,18,Wall Breaching,2.1,,,30,,,,,,,,,30,90,85,,2.6,,,,,,,,,,90,
191,,,,baihu,,,120,150,,23,,3,20,650,16,Melee Attack,1," MythUnit:  2.00,  Hero:  0.50",1,30,,,,,,,,,50,50,80,,5.2,,,,,,,,,,15,
192,,,,chiwen,,,,150,150,20,,3,15,300,22,Melee Attack,1.5," MythUnit:  2.00,  Hero:  0.50",1,35,,,,,,,,,40,60,80,,5.2,,,,,,,,,,15,
193,,,,chu ko nu,,,,90,55,,,3,16,90,16,Ranged Attack,2.8,,16,,8,,,,,,,,20,25,99,,3.8,,,,,,,,,,,
194,,,,dao swordsman,,,30,,55,,,2,14,135,16,Melee Attack,1.2, Building:  1.60,0.5,9,,,,,,,,,30,30,99,,3.8,,,,,,,,,,,
195,,,,doujian,,,,100,50,,,2,16,290,20,Ranged Attack,1.5,,15,,8,,,,,,,,50,30,5,,5.5,,,,,,,,,,,
196,,,,fei,,,60,,,8,,0,,75,16,Melee Attack,1," MythUnit:  2.00,  Hero:  0.50,  AbstractVillager:  O.50",0.75,9,,,,,,,,,10,25,99,,5,,,,,,,,,,,
197,,,,fire archer,,,,50,35,,,2,9,65,16,Ranged Attack,1," AbstractInfantry:  3.00,  Building:  6.00",12,,4,,,,,,,,25,10,99,,4,,,,,,,,,,,
198,,,,fishing ship chinese,,,,50,,,,1,18,100,20,,,,3,,,,50,,,,,,60,50,5,,4.8,,,,,,,,,,,50
199,,,,ge halberdier,,,50,,35,,,2,14,95,16,Melee Attack,1.1," AbstractCavalry:  5.00,  Building:  1.60",0.75,4,,,,,,,,,40,5,99,,5,,,,,,,,,,,
200,,,,hundun,,,220,,,30,,3,20,1200,16,Melee Attack,1.33," MythUnit:  2.00,  Hero:  0.25",1,40,,,,,,,,,45,65,80,,3.6,,,,,,,,,,50,
201,,,,kuafu,,,50,,100,15,,3,36,175,16,Ranged Attack,2, AbstractTower:  4.00,6,,22,,,,,,,,30,40,99,,3.6,,,,,,,,,,5,
202,,,,li jing (hero),,,,200,300,8,,4,30,300,24,Ranged Attack,1.4, MythUnit:  4.00,20,,14,,,,,,,,30,35,99,,4.5,,,,,,,,,,,
203,,,,louchuan,,,,100,50,,,2,12,250,24,Ranged Attack,2, AbstractArcherShip:  2.00,20,,2,,,,,,,,10,60,10,,4.8,,,,,,,,,,4,
204,,,,mechanical ox caravan,,,100,25,,,,1,18,115,16,None,,,,,,,,,,,,,30,30,99,,3.8,,,,,,,,,,,
205,,,,mengchong,,,,100,50,,,2,16,320,16,Melee Attack,1.5,,2,25,,,,,,,,,30,10,50,,7,,,,,,,,,,,
206,,,,nezha (child) (hero),,,,100,50,,,2,16,320,16,Melee Attack,1.5,,2,25,,,,,,,,,30,10,50,,7,,,,,,,,,,,
207,,,,nezha (hero),,,,,450,5,,0,15,400,22,Melee Attack,1.2, MythUnit:  6.50,1,15,,,,,,,,,30,30,99,,5,,,,,,,,,,,
208,,,,nezha (youth) (hero),,,,,300,5,,0,10,300,18,Melee Attack,1.2, MythUnit:  6.50,0.75,12,,,,,,,,,30,30,99,,5,,,,,,,,,,,
209,,,,peasant,,,40,,,,,1,18,50,14,Ranged Attack,2,,12,,12,,,,,,,,25,35,99,,3.8,,,,,,,,,,,
210,,,,pioneer (hero),,,,75,30,,,2,12,90,12,Ranged Attack,1.5, MythUnit:  11.00,4,,0.5,,,,,,,,15,30,99,,4,,,,,,,,,,,
211,,,,pixiu,,,150,50,,5,,1,20,180,16,None,,,,,,,,,,,,,45,45,80,,3.8,,,,,,,,,,,
212,,,,qilin,,,220,,,18,,3,16,290,16,Melee Attack,1.2," MythUnit:  3.00,  Hero:  0.25",1,12,,,,,,,,,35,60,80,,5.3,,,,,,,,,,,
213,,,,qinglong,,,,325,,26,,4,15,600,18,Charged Ranged Attack,2.4," MythUnit:  2.00,  Hero:  0.25",12,,35,,,,,,,,35,55,80,,4.3,,,,,,,,,,,
214,,,,sage (hero),,,100,,150,5,,3,20,110,20,Ranged Attack,1, MythUnit:  4.00,13,,3,,,,,,,,5,25,99,,3.6,,,,,,,,,,,2
215,,,,siege crossbow,,,,150,150,,,3,33,95,36,Wall Breaching,3,,,,40,,,,,,,,20,90,85,,2.4,,,,,,,,,,110,
216,,,,sky lantern,,,,,,,,0,,5,25,None,,,,,,,,,,,,,15,30,80,,3,,,,,,,,,,,
217,,,,taotie,,,,,260,20,,3,20,650,18,Devour,2," MythUnit:  2.00,  Hero:  0.50",16,,,25,,,,,,,55,50,80,,4.8,,,,,,,,,,,
218,,,,taowu,,,275,,,28,,4,20,780,16,Melee Attack,2," MythUnit:  2.00,  Hero:  0.50",1.5,20,,,,,,,,,50,75,80,,3.2,,,,,,,,,,90,
219,,,,tiger cavalry (dismounted),,,,,,,,2,,45,16,Melee Attack,1," AbstractCavalry:  1.50,  Building:  1.60",1,7,,,,,,,,,15,20,99,,5,,,,,,,,,,,
220,,,,tiger cavalry,,,115,,50,,,3,9,170,16,Melee Attack,1.2," AbstractArcher:  1.50,  AbstractCavalry:  1.50",1,13,,,,,,,,,25,35,99,,5,,,,,,,,,,,
221,,,,titan chinese,,,,,,,,10,,28000,25,Melee Attack,3.5," MythUnit:  2.00,  Building:  6.00,  AbstractTitan:  20.00",2,70,,,,,,,,,60,80,80,,3.75,,,,,,,,,,70,
222,,,,white horse cavalry,,,45,,85,,,3,7,155,22,Melee Attack,1.2, AbstractArcher:  1.75,1,13,,,,,,,,,10,40,99,,6,,,,,,,,,,,
223,,,,wuzu javelineer,,,,75,10,,,2,14,70,18,Ranged Attack,1.2, AbstractArcher:  3.50,16,,4.5,,,,,,,,10,40,99,,4.75,,,,,,,,,,,
224,,,,xuanwu,,,170,170,,15,,4,12,1200,20,Melee Attack,1.7," MythUnit:  1.50,  Hero:  0.50",2,30,,,,,,,,,50,70,80,,6,,,,,,,,,,20,
225,,,,achilles (hero),,,75,,175,2,,3,20,300,16,Melee Attack,1, MythUnit:  8.00,0.75,9,,,,,,,,,30,45,99,,5.3,,,,,,,,,,,
226,,,,ajax (hero),,,100,50,,,,2,5,190,16,Melee Attack,1, MythUnit:  12.00,1,1.75,,,,,,,,,40,35,99,,4.3,,,,,,,,,,,
227,,,,atalanta (hero),,,100,50,,,,2,5,190,16,Melee Attack,1, MythUnit:  12.00,1,1.75,,,,,,,,,40,35,99,,4.3,,,,,,,,,,,
228,,,,axeman,,,40,,30,,,2,12,80,16,Melee Attack,1," AbstractInfantry:  4.00,  Building:  1.60",0.5,5,,,,,,,,,40,10,99,,4.3,,,,,,,,,,,
229,,,,bellerophon (hero),,,,,400,6,,4,30,440,16,Melee Attack,1.2, MythUnit:  4.50,1,15,,,,,,,,,20,55,99,,6,,,,,,,,,,,7
230,,,,camel caravan,,,100,25,,,,1,18,115,16,None,,,,,,,,,,,,,30,30,99,,3.8,,,,,,,,,,,
231,,,,chiron (hero),,,,250,100,4,,2,25,350,20,Ranged Attack,1.5, MythUnit:  6.50,18,,13,,,,,,,,20,30,99,,5.5,,,,,,,,,,,
232,,,,citizen (hero),,,150,25,,2,,2,,125,16,Ranged Attack,2,,15,,22,,,,,,,,25,35,99,,3.8,,,,,,,,,,,
233,,,,citizen,,,85,15,,,,2,30,100,16,Ranged Attack,2,,14,,20,,,,,,,,25,35,99,,3.8,,,,,,,,,,,
234,,,,colossus,,,,,350,30,,4,24,1200,16,Melee Attack,1.3, Hero:  0.50,0.5,26,,,,,,,,,50,75,80,,3,,,,,,,,,,100,
235,,,,donkey caravan,,,100,25,,,,1,18,115,16,None,,,,,,,,,,,,,30,30,99,,3.8,,,,,,,,,,,
236,,,,draugr,,,,225,,14,,2,14,320,20,Ranged Attack,1," MythUnit:  2.00,  Hero:  0.50",14,,5,,,,,,,,25,30,80,,3.8,,,,,,,,,,,2
237,,,,dwarf,,,,,60,,,1,18,55,16,Ranged Attack,2,,12,,12,,,,,,,,25,35,99,,3.8,,,,,,,,,,,
238,,,,fafnir,,,,,300,35,,5,12,1400,16,Ranged Attack,3," MythUnit:  2.00,  Hero:  0.50",4,12,,,,,,,,,65,70,80,,4.8,,,,,,,,,,8,
239,,,,fishing ship egyptian,,,,50,,,,1,18,100,20,None,,,,,,,,,,,,,60,50,5,,4.8,,,,,,,,,,,
240,,,,fishing ship greek,,,,50,,,,1,18,100,20,None,,,,,,,,,,,,,60,50,5,,4.8,,,,,,,,,,,
241,,,,fishing ship norse,,,,50,,,,1,18,100,20,None,,,,,,,,,,,,,60,50,5,,4.8,,,,,,,,,,,
242,,,,fishing ship,,,,50,,,,1,18,100,20,None,,,,,,,,,,,,,60,50,5,,4.8,,,,,,,,,,,
243,,,,gatherer,,,50,,,,,1,18,55,14,Ranged Attack,2,,12,,12,,,,,,,,25,35,99,,3.8,,,,,,,,,,,
244,,,,heracles (hero),,,75,,175,2,,3,20,325,16,Melee Attack,1.2, MythUnit:  8.00,0.75,12,,,,,,,,,25,30,99,,5,,,,,,,,,,,
245,,,,hero of ragnarok dwarf,,,80,,40,,,2,,130,16,Melee Attack,1.3," MythUnit:  4.00,  Building:  1.60",0.75,9,,,,,,,,,25,15,99,,4.3,,,,,,,,,,,
246,,,,hypaspist,,,60,,25,,,2,9,95,16,Melee Attack,1.2," AbstractInfantry:  5.00,  Building:  1.60",0.5,6,,,,,,,,,35,10,99,,4.3,,,,,,,,,,,
247,,,,jason (hero),,,100,50,,,,2,5,200,16,Melee Attack,1.5, MythUnit:  12.00,0.75,2.25,,,,,,,,,35,35,99,,4.3,,,,,,,,,,,
248,,,,llama caravan,,,100,25,,,,1,18,115,16,None,,,,,,,,,,,,,30,30,99,,3.8,,,,,,,,,,,
249,,,,man o' war,,,250,,,15,,4,10,900,16,None,,,,,,,,,,,,,50,70,80,,6,,,,,,,,,,,
250,,,,minion reincarnated,,,,,50,10,,0,,140,16,Melee Attack,0.9, Hero:  0.25,0.5,9,,,,,,,,,35,40,80,,4.75,,,,,,,,,,,
251,,,,minion,,,,,50,10,,0,,140,16,Melee Attack,0.9, Hero:  0.25,0.5,9,,,,,,,,,35,40,80,,4.75,,,,,,,,,,,
252,,,,nereid,,,,,200,15,,2,12,600,16,Melee Attack,1," MythUnit:  2.00,  Hero:  0.50",1,25,,,,,,,,,30,50,80,,5,,,,,,,,,,,
253,,,,oracle hero,,,30,,45,1,,1,12,105,3,Melee Attack,1.5, MythUnit:  6.00,0.5,0.9,,,,,,,,,20,50,99,,4.2,,,,,,,,,,,
254,,,,ox caravan,,,100,25,,,,1,18,115,16,None,,,,,,,,,,,,,30,30,99,,3.8,,,,,,,,,,,
255,,,,ox cart,,,50,50,,,,0,,120,6,None,,,,,,,,,,,,,30,40,99,,3.8,,,,,,,,,,,
256,,,,perseus (hero),,,,,400,6,,4,30,480,16,Melee Attack,1.5, MythUnit:  7.00,0.75,18,,,,,,,,,20,40,99,,4.3,,,,,,,,,,,9
257,,,,pharaoh new kingdom,,,,,,,,0,,100,16,Ranged Attack,1, MythUnit:  2.50,3,,12,,,,,,,,15,30,99,,4,,,,,,,,,,,
258,,,,Prodromos,,,70,,40,,,3,12,145,16,Melee Attack,1.3, AbstractCavalry:  3.50,1,8,,,,,,,,,20,10,99,,6,,,,,,,,,,,
259,,,,promethean offspring,,,45,,,4,,1,,80,12,Melee Attack,1.1," MythUnit:  1.50,  Hero:  0.50",0.5,6,,,,,,,,,15,35,80,,5.5,,,,,,,,,,3,
260,,,,ramming_galley,,,,90,45,,,3,16,320,16,Melee Attack,1.5,,2,25,,,,,,,,,30,10,50,,7,,,,,,,,,,,
261,,,,rock giant,,,,260,,24,,4,14,850,16,Melee Attack,3.5, Hero:  0.50,1,50,,,,,,,,,60,75,40,,3.2,,,,,,,,,,36,
262,,,,scorpion_man,,,,200,,24,,3,20,550,16,Melee Attack,1.2," MythUnit:  3.00,  Hero:  0.50",1,30,,,,,,,,,50,40,80,,5,,,,,,,,,,,
263,,,,servant,,,,,125,12,,2,15,300,16,Melee Attack,1," MythUnit:  3.00,  Hero:  0.50",0.5,8,,,,,,,,,25,30,80,,5.5,,,,,,,,,,4,
264,,,,son of osiris (hero),,,,,,,,0,,420,20,None,,,,,,,,,,,,,30,50,99,,3.6,,,,,,,,,,,
265,,,,theseus,,,100,50,,,,2,5,190,16,Melee Attack,1, MythUnit:  12.00,0.75,1.62,,,,,,,,,35,40,99,,4.3,,,,,,,,,,,
266,,,,throwing axeman,,,,50,40,,,2,15,65,16,Ranged Attack,1.5, AbstractInfantry:  3.00,11,6,,,,,,,,,30,15,99,,4,,,,,,,,,,,
267,,,,titan atlantean,,,,,,,,10,,28000,25,Melee Attack,3.5," MythUnit:  2.00,  Building:  6.00,  AbstractTitan:  20.00",2,70,,,,,,,,,60,80,80,,3.75,,,,,,,,,,70,
268,,,,titan egyptian,,,,,,,,10,,28000,25,Melee Attack,3.5," MythUnit:  2.00,  Building:  6.00,  AbstractTitan:  20.00",2,70,,,,,,,,,60,80,80,,3.75,,,,,,,,,,70,
269,,,,titan greek,,,,,,,,10,,28000,25,Melee Attack,3.5," MythUnit:  2.00,  Building:  6.00,  AbstractTitan:  20.00",2,70,,,,,,,,,60,80,80,,3.75,,,,,,,,,,70,
270,,,,titan norse,,,,,,,,10,,28000,25,Melee Attack,3.5," MythUnit:  2.00,  Building:  6.00,  AbstractTitan:  20.00",2,70,,,,,,,,,60,80,80,,3.75,,,,,,,,,,70,
271,,,,transport ship atlantean,,,,110,,,,1,19,180,14,None,,,,,,,,,,,,,40,80,5,,5.3,,,,,,,,,,,
272,,,,transport ship egyptian,,,,110,,,,1,19,180,14,None,,,,,,,,,,,,,40,80,5,,5.3,,,,,,,,,,,
273,,,,transport ship greek,,,,110,,,,1,19,180,14,None,,,,,,,,,,,,,40,80,5,,5.3,,,,,,,,,,,
274,,,,transport ship norse,,,,110,,,,1,19,180,14,None,,,,,,,,,,,,,40,80,5,,5.3,,,,,,,,,,,
275,,,,villager egyptian,,,50,,,,,1,18,55,14,Ranged Attack,2,,12,,12,,,,,,,,25,35,99,,3.8,,,,,,,,,,,
276,,,,villager greek,,,50,,,,,1,18,55,14,Ranged Attack,2,,12,,12,,,,,,,,25,35,99,,3.8,,,,,,,,,,,
