raw data,blank,Item Name,first res (num + symb),first res (symb),first res type,second res (num + symb),second res (symb),second res type,third res (num + symb),third res (symb),third res type,fourth res (num + symb),fourth res (symb),fourth res type
"['conscript-barracks-soldiers.png', '* Cost: 200 &: 100 .¢z, 30s D4']",,conscript-barracks-soldiers.png,200 &:,&:,food,100 .¢z, .¢z,wood,30s D4,D4,time(s),,,
"['conscript-cavalry.png', '+ Cost: 200 &. , 30s gi']",,conscript-cavalry.png,200 &.,&.,food,30s gi,gi,time(s),20s gi,gi,time(s),,,
"['conscript-counter-soldiers.png', '+ Cost: 100 G , 200 gz, 20s gi']",,'conscript-counter-soldiers.png,100 G,G,food,200 gz,gz,wood,,,,,,
"['conscript-great-hall-soldiers.png', '¢ Cost: 100 &: 100 .¢%, 200 gy, 30s gi']",,'conscript-great-hall-soldiers.png,100 &:,&:,food,100 .¢%,.¢%,wood,200 gy,gy,gold,30s gi,gi,time(s)
"['conscript-hill-fort-soldiers.png', '+ Cost: 100 & , 30s 4]']",,conscript-hill-fort-soldiers.png',100 &,&,food, 30s 4,4,time(s),,,,,,
"['conscript-infantry.png', '+ Cost: 200 &. , 30s gi']",,conscript-infantry.png,200 &.,&.,food,30s gi,gi,time(s),,,,,,
"['conscript-longhouse-soldiers.png', '+ Cost: 200 G., 100 .¢z, 30s gi']",,,,,,,,,,,,,,
"['conscript-mainline-soliders.png', '¢ Cost: 100 &: 100 gg, 100 gy, 30s gi']",,,,,,,,,,,,,,
"['conscript-migdol-soldiers.png', '+ Cost: 100 gz, 200 gp , 20s 4']",,,,,,,,,,,,,,
"['conscript-palace-soldiers.png', '* Cost: 200 G, 30s |¥']",,,,,,,,,,,,,,
"['conscript-ranged-soldiers.png', '+ Cost: 200 gz, 30s']",,,,,,,,,,,,,,
"['conscript-sailors.png', '+ Cost: 300 gz, 30s |¥']",,,,,,,,,,,,,,
"['copper-armor.png', '+ Cost: 75 G5.75 gy. 30s']",,copper-armor.png,75 G5.,G5.,food,75 gy.,gy.,gold, 30s,none,time(s),,,
"['copper-shields.png', '- Cost: 75 gg, 75 gy, 30s gi']",,copper-shields.png,"75 gg,","gg,",wood,"75 gy,","gy,",gold,30s ,gi,time(s),,,
"['copper-weapons.png', '- Cost: 100 G, 100 ga. 30s ¥']",,copper-weapons.png,"100 G,","G,",food,100 ga.,ga.,gold,30s ¥',¥',time(s),,,
"['crenellations.png', '+ Cost: 150 G., 150 gy, 20s gi']",,crenellations.png,"150 G.,",G.,food,"150 gy,","gy,",wood,20s gi,gi,time(s),,,
"['crimson-linen.png', '“Cost: 125 5,20 40s (gi']",,crimson-linen.png,"125 5,","5,",food,20,none,favor,40s (gi,(gi,time(s),,,
"['criosphinx.png', '+ Cost: 150 ¢%,5 & , 40s gi']",,criosphinx.png, 150 ¢%,¢%,wood,"5 & , ","& ,",favor,40s gi,gi,time(s),,,
"['crocodilopolis.png', '+ Cost: 200 .¢%,15 40s']",,crocodilopolis,"200 .¢%,",".¢%,",wood,15,none,favor,40s,none,time(s),,,
"['crushing-waves.png', '- Cost: 50 G.,15 & , 30s gi']",,crushing-waves.png,"50 G.,","G.,",food,"15 & , ","& , ",favor,30s gi,gi,time(s),,,
"['daktyloi.png', '+ Cost: 50 G, 100 gy, 10 § ,30s J']",,'daktyloi.png',"50 G,","G,",food,"100 gy,","gy,",wood,"10 § ,","§ ,",,30s J,J,time(s)
"['dan-no-ura-tactics.png', '']",,,,,,,,,,,,,,
"['dark-water.png', '“Cost: 200 €,, 18 30s J']",,dark-water.png,"200 €,,","€,,",food,18,none,favor,30s J,J,time(s),,,
"['daughters-of-the-sea.png', '(A p] “Cost: 150 ge. 15 &, 30s (¥']",,daughters-of-the-sea.png,150 ge.,ge.,gold,"15 &,","&,",favor,30s (¥,(¥,time(s),,,
"['deadly-rage.png', '+ Cost: 150 gu. 16 & , 40s gi']",,deadly-rage.pn,150 gu.,gu.,gold,"16 & ,","& ,",favor,40s gi,gi,time(s),,,
"['deadly-snare.png', '+ Cost: 150 gu. 14 & , 30s gi']",,'deadly-snare.png,150 gu.,gu.,gold,"14 & ,","& ,",favor,30s gi,gi,time(s),,,
"[""deimos'-sword-of-dread.png"", '+ Cost: 150 ga, 10 20s ¥']",,,,,,,,,,,,,,
"['den-den-drums.png', '+ Cost: 300 ge, 10 & , 30s gi']",,,,,,,,,,,,,,
"['desert-wind.png', '+ Cost: 300 ge, 30 & , 40s gi']",,,,,,,,,,,,,,
"['devotees-of-atlas.png', '+ Cost: 50 G,,100 @.5 & , 40s vi']",,,,,,,,,,,,,,
"['dionysia.png', '+ Cost: 150 ¢%,20 40s']",,,,,,,,,,,,,,
"['disablot.png', '+ Cost: 200 ga, 10 & , 40s gi']",,,,,,,,,,,,,,
"['divine-blood.png', '+ Cost: 100 G.,25 & ,30s ¥']",,,,,,,,,,,,,,
"['divine-books.png', '+ Cost: 125 gy, 10 & , 20s gi']",,,,,,,,,,,,,,
"['divine-judgment.png', '+ Cost: 150 gz, 150 ge, 30 & , 50s zi']",,,,,,,,,,,,,,
"['divine-prefecture.png', 'Cost: 175 gu.25 20s ¥']",,,,,,,,,,,,,,
"['draft-horses-norse.png', '+ Cost: 300 G., 200 gp , 40s i']",,,,,,,,,,,,,,
"['dragonscale-shields.png', '+ Cost: 500 gz, 500 gy, 60s 4']",,,,,,,,,,,,,,
"['drought-ships.png', '+ Cost: 150 gg, 150 ge, 20 30s ¥']",,,,,,,,,,,,,,
"['dwarven-auger.png', 'Cost: 150 gu.15 40s ¥']",,,,,,,,,,,,,,
"['dwarven-breastplate.png', '- Cost: 150 gu. 10 30s']",,,,,,,,,,,,,,
"['dwarven-mine.png', '']",,,,,,,,,,,,,,
"['dwarven-weapons.png', '“Cost: 500 €_, 500 ga, 60s']",,,,,,,,,,,,,,
